datetime,temp,precip,windspeed
2013-01-01,43.8,0.17,13.5
2013-01-02,44.3,0.02,11.3
2013-01-03,51.5,0,14.1
2013-01-04,50,0.012,12.4
2013-01-05,48.9,0,10.7
2013-01-06,46.1,0,8.3
2013-01-07,47,0.012,10.8
2013-01-08,50.4,0,11.3
2013-01-09,45.7,0.02,7.3
2013-01-10,36.8,0.012,6.9
2013-01-11,37.4,0.012,5.3
2013-01-12,39,0.02,14.8
2013-01-13,37,0,10.5
2013-01-14,34.8,0.021,11.9
2013-01-15,35.3,0,14.7
2013-01-16,30.9,0,5.5
2013-01-17,32.6,0,7.6
2013-01-18,31.3,0.012,14.2
2013-01-19,33.1,0.039,13.2
2013-01-20,31.6,0.039,11.8
2013-01-21,31.9,0.118,4.9
2013-01-22,33.5,0.04,15.6
2013-01-23,36.4,0.051,11.2
2013-01-24,35.6,0,11.7
2013-01-25,34.6,0,14.1
2013-01-26,41.6,0.001,16.7
2013-01-27,46.9,0.061,24.1
2013-01-28,44.4,0.02,24.8
2013-01-29,53.7,0.02,22.7
2013-01-30,50.7,0.041,25.6
2013-01-31,48.2,0,23.4
2013-02-01,43.6,0.24,14.1
2013-02-02,40.2,0,15.3
2013-02-03,41.2,0,16.4
2013-02-04,48.7,0,19.4
2013-02-05,40.6,0,22.5
2013-02-06,41.1,0.039,17.8
2013-02-07,38.3,0.012,12.5
2013-02-08,38.6,0.117,11.6
2013-02-09,37.8,0.04,11.2
2013-02-10,38.4,0.281,14.6
2013-02-11,34.9,0.467,9.3
2013-02-12,35.6,0.02,8
2013-02-13,35.7,0,12.1
2013-02-14,46.5,0.06,15.7
2013-02-15,43.9,0,9
2013-02-16,44.9,0,5.7
2013-02-17,41.3,0,11.3
2013-02-18,40.2,0,10.8
2013-02-19,40.6,0,3.6
2013-02-20,38.4,0.04,15.3
2013-02-21,35.5,0,13.9
2013-02-22,34.4,0,13.9
2013-02-23,34.5,0,11
2013-02-24,35.4,0,12.4
2013-02-25,38.5,0,15
2013-02-26,39.7,0.012,14.1
2013-02-27,39.3,0.012,12.2
2013-02-28,40.3,0,12.3
2013-03-01,41.1,0.02,12.8
2013-03-02,38.5,0,9.2
2013-03-03,39.3,0,13
2013-03-04,41.1,0,11.8
2013-03-05,47.8,0,7.5
2013-03-06,50.7,0,7.7
2013-03-07,48,0.1,8.1
2013-03-08,48.8,0.35,6.6
2013-03-09,43.7,0.22,7.5
2013-03-10,37.2,0,16.4
2013-03-11,32.2,0,21.7
2013-03-12,34.6,0,21.9
2013-03-13,38.2,0.031,11.7
2013-03-14,38.3,0,8.1
2013-03-15,43.3,0.039,18.3
2013-03-16,44.6,0.159,21.3
2013-03-17,41.8,0.195,12.7
2013-03-18,39.1,0.349,5.1
2013-03-19,41.1,0.039,8
2013-03-20,39.8,0,8.1
2013-03-21,39.7,0,16.6
2013-03-22,39.2,0.021,19.3
2013-03-23,35.3,0.307,15.5
2013-03-24,33.6,0.02,14.3
2013-03-25,34.8,0,16.3
2013-03-26,34.9,0,13.8
2013-03-27,35.7,0,13.2
2013-03-28,36.3,0,12.6
2013-03-29,36.9,0,12.7
2013-03-30,37.8,0,12.4
2013-03-31,36.4,0,10.7
2013-04-01,37.9,0,18.3
2013-04-02,39.5,0,18.3
2013-04-03,37.5,0,19.5
2013-04-04,36.6,0.02,16.1
2013-04-05,40.3,0,17.6
2013-04-06,41.7,0.012,12.1
2013-04-07,41.4,0,9.5
2013-04-08,43.8,0,14.2
2013-04-09,43.7,0.052,12.8
2013-04-10,44.9,0,10.8
2013-04-11,46.5,0.409,12.5
2013-04-12,48.6,0.101,13.7
2013-04-13,48.8,0.041,15.1
2013-04-14,59.5,0.04,21
2013-04-15,55.7,0.117,16.2
2013-04-16,55.2,0,19.2
2013-04-17,56.6,0,21
2013-04-18,51.9,0.118,23
2013-04-19,49.4,0,13
2013-04-20,47,0.012,9.9
2013-04-21,47.5,0,14.2
2013-04-22,51.1,0,15.2
2013-04-23,58.8,0,11.9
2013-04-24,59.1,0,12.8
2013-04-25,61.3,0.02,17.2
2013-04-26,51,0.169,14.2
2013-04-27,45.6,0,15.7
2013-04-28,46.2,0.059,15.1
2013-04-29,51.4,0,14.9
2013-04-30,50.3,0,12.6
2013-05-01,50.5,0,9.5
2013-05-02,53.1,0,11.4
2013-05-03,55,0,13.4
2013-05-04,54.7,0.016,20.3
2013-05-05,56.4,0,11.7
2013-05-06,61.3,0,8.4
2013-05-07,59.8,0,8.4
2013-05-08,57.3,0.048,12.9
2013-05-09,52,0.031,24.7
2013-05-10,55.3,0.016,15.7
2013-05-11,50.4,0.025,14.6
2013-05-12,50.5,0.149,12.3
2013-05-13,53.6,0.008,14.6
2013-05-14,48.9,0.15,20.4
2013-05-15,49,0.158,22.2
2013-05-16,50.2,0.016,10.2
2013-05-17,50.7,0,10.5
2013-05-18,54.1,0.008,10.5
2013-05-19,56.9,0,10.6
2013-05-20,58.4,0.008,11.6
2013-05-21,56.6,0.008,11.9
2013-05-22,53.1,0,12.2
2013-05-23,47.7,0.008,14.3
2013-05-24,44.9,0.362,16.4
2013-05-25,50.9,0.024,11.2
2013-05-26,55.9,0,10.7
2013-05-27,55.4,0,18.9
2013-05-28,52.5,0.567,9.2
2013-05-29,52.2,0.008,9.5
2013-05-30,55.3,0.236,10.8
2013-05-31,61.3,0,10.9
2013-06-01,58.5,0,11.5
2013-06-02,58.9,0,10.4
2013-06-03,57.1,0,11.4
2013-06-04,58.8,0,14.1
2013-06-05,57.4,0,10.6
2013-06-06,59.3,0,12.5
2013-06-07,59.7,0.008,13.1
2013-06-08,56,0,14.5
2013-06-09,54.4,0,12.6
2013-06-10,54.5,0,7.2
2013-06-11,57.5,0,12.3
2013-06-12,60.7,0.016,18.1
2013-06-13,58.8,0.039,23.8
2013-06-14,58,0,15.1
2013-06-15,57.5,0.408,21.6
2013-06-16,58.1,0.008,12.1
2013-06-17,62.1,0.008,13.3
2013-06-18,63.3,0,10.1
2013-06-19,68.7,0.023,9.3
2013-06-20,65.3,0.008,10
2013-06-21,63,0.008,13.1
2013-06-22,58.7,0.118,19.7
2013-06-23,58.9,0.008,20.1
2013-06-24,56.5,0.047,12.6
2013-06-25,60.4,0,6.8
2013-06-26,61.7,0,10.2
2013-06-27,60.2,0.008,9.9
2013-06-28,61.3,0.063,13.9
2013-06-29,63.5,0,11.4
2013-06-30,68.5,0,15.4
2013-07-01,62.4,0,13.2
2013-07-02,59.5,0,13.2
2013-07-03,63,0,14.2
2013-07-04,64.8,0,13.7
2013-07-05,67.1,0,8.1
2013-07-06,69.4,0,6.7
2013-07-07,71.3,0,9.8
2013-07-08,69.3,0,12.3
2013-07-09,66.1,0,10.3
2013-07-10,65.7,0,13.8
2013-07-11,60.9,0,10.1
2013-07-12,64.1,0.274,6.7
2013-07-13,73.3,0,8.2
2013-07-14,74.1,0,9.9
2013-07-15,76.2,0,7.3
2013-07-16,75.5,0,7.7
2013-07-17,76.2,0,8.6
2013-07-18,72.9,0,11.6
2013-07-19,71.7,0,14.1
2013-07-20,67.7,0,12.5
2013-07-21,69.2,0,11.1
2013-07-22,76.6,0,11.1
2013-07-23,73.2,0.141,10.3
2013-07-24,69.8,0,12.6
2013-07-25,69.5,0.283,13.3
2013-07-26,69.9,0,8
2013-07-27,69.5,0,9.9
2013-07-28,67.1,0.276,15.7
2013-07-29,66.8,0.118,20
2013-07-30,64,0.197,12.6
2013-07-31,67.5,0.024,15.7
2013-08-01,77.4,0,14.1
2013-08-02,69.9,0,13.7
2013-08-03,66.4,0.001,16.5
2013-08-04,66.2,0,16.2
2013-08-05,66.2,0.003,16.6
2013-08-06,63.6,0,7.5
2013-08-07,65.4,0,11.7
2013-08-08,65.4,0,11.6
2013-08-09,67.1,0,13.1
2013-08-10,64.7,0,11.5
2013-08-11,66.1,0,14.7
2013-08-12,63.3,0,13.4
2013-08-13,60.1,0,12.5
2013-08-14,62.4,0,12.8
2013-08-15,67.8,0,15.8
2013-08-16,66,0,10.5
2013-08-17,63.1,0,19.2
2013-08-18,66.4,0,13.9
2013-08-19,64.7,0,9.7
2013-08-20,65.3,0,9.3
2013-08-21,67.5,0,9.1
2013-08-22,65.1,0,8.9
2013-08-23,69.7,0,11.7
2013-08-24,64.4,0.003,12.2
2013-08-25,64,0.003,12.9
2013-08-26,67.7,0,11.3
2013-08-27,64.1,0,7.7
2013-08-28,64.8,0,6.3
2013-08-29,66.2,0,11.2
2013-08-30,67.3,0,14.6
2013-08-31,63.2,0,11.9
2013-09-01,60.8,0,11.7
2013-09-02,65.5,0,10.9
2013-09-03,67.4,0,4.7
2013-09-04,68.4,0,9.9
2013-09-05,71.3,0,8
2013-09-06,61.1,0.032,11.6
2013-09-07,58.1,0,15.6
2013-09-08,55,0,13
2013-09-09,52.9,0.002,7.3
2013-09-10,55.7,0,12.8
2013-09-11,57.8,0,11.5
2013-09-12,58.9,0,7.6
2013-09-13,61.6,0.001,10
2013-09-14,53.6,0.007,13.6
2013-09-15,53.2,0,18.5
2013-09-16,52.9,0,19.8
2013-09-17,52.3,0.001,12.2
2013-09-18,55.7,0.001,12.8
2013-09-19,53.8,0,17.6
2013-09-20,56.6,0,8.7
2013-09-21,58.7,0,11
2013-09-22,62.6,0,6.9
2013-09-23,61,0,4.8
2013-09-24,60.9,0,5.6
2013-09-25,62.9,0,4.8
2013-09-26,60.9,0,9.6
2013-09-27,57.4,0,11.6
2013-09-28,59.9,0,12.8
2013-09-29,59.8,0,14.2
2013-09-30,60.4,0,11.8
2013-10-01,58.9,0,12.9
2013-10-02,60.8,0,10.4
2013-10-03,61.4,0,13.1
2013-10-04,64.4,0,17.3
2013-10-05,60.5,0,5.9
2013-10-06,57.6,0,7.2
2013-10-07,58.4,0,8.3
2013-10-08,62.1,0,11.2
2013-10-09,57.4,0,14.6
2013-10-10,49.4,0,15.5
2013-10-11,52.6,0.003,19.4
2013-10-12,53,0.001,17.8
2013-10-13,50.7,0.003,14.3
2013-10-14,49.8,0.001,11.8
2013-10-15,51.2,0,8.8
2013-10-16,51.3,0.001,15.4
2013-10-17,57.3,0,17.1
2013-10-18,56.7,0,13.4
2013-10-19,59.4,0,12.5
2013-10-20,57.6,0.011,15.5
2013-10-21,60.6,0,17
2013-10-22,62.4,0.001,14.4
2013-10-23,58.2,0.001,21
2013-10-24,53.6,0,11
2013-10-25,60.7,0,16.1
2013-10-26,60,0,20.3
2013-10-27,57.1,0.001,25.2
2013-10-28,54.8,0.007,37.7
2013-10-29,48.9,0,15.4
2013-10-30,49.6,0,14
2013-10-31,54.8,0.001,14.7
2013-11-01,54.9,0,12.2
2013-11-02,53.7,0,23.2
2013-11-03,48.8,0,20.7
2013-11-04,45.7,0.004,15.3
2013-11-05,48.1,0.003,18.7
2013-11-06,53.8,0,20.6
2013-11-07,51.2,0,16.2
2013-11-08,45.8,0.048,12.9
2013-11-09,42.3,0.001,10.2
2013-11-10,43.2,0,12.6
2013-11-11,48.8,0,13.4
2013-11-12,51.9,0,10.8
2013-11-13,43.5,0,9.8
2013-11-14,47.1,0,18
2013-11-15,44.4,0,10.8
2013-11-16,42.8,0,7.2
2013-11-17,48.9,0,4.6
2013-11-18,47.9,0,9.2
2013-11-19,40.1,0,12.5
2013-11-20,38,0.001,16.8
2013-11-21,42.4,0.001,18.8
2013-11-22,42.6,0,15.6
2013-11-23,42.7,0,11.1
2013-11-24,44.8,0,12.1
2013-11-25,43.1,0,9.8
2013-11-26,43,0,6.8
2013-11-27,47.4,0,5.2
2013-11-28,49,0,5.2
2013-11-29,47.8,0,15.6
2013-11-30,44.8,0,12.6
2013-12-01,44,0,5.6
2013-12-02,47.4,0,5.9
2013-12-03,43.8,0,10
2013-12-04,43.4,0,9
2013-12-05,42.1,0.039,28.5
2013-12-06,42.8,0,12.4
2013-12-07,45.8,0,10.6
2013-12-08,46.8,0,14.5
2013-12-09,45.9,0,9.4
2013-12-10,42.9,0.008,7.4
2013-12-11,39.4,0.008,4.7
2013-12-12,42,0.008,9.3
2013-12-13,50.8,0.008,12.5
2013-12-14,47.3,0.078,21.6
2013-12-15,52.3,0.048,20.4
2013-12-16,53,0.269,20.5
2013-12-17,43.2,0.472,8.3
2013-12-18,47.7,0.079,24.4
2013-12-19,44.7,0.237,15.9
2013-12-20,44.1,0.158,23.5
2013-12-21,51.6,0.284,25.7
2013-12-22,47.1,0.04,19.4
2013-12-23,48.6,0.355,30.3
2013-12-24,47.6,0.719,33.6
2013-12-25,41.4,0.158,10.3
2013-12-26,39.6,0.157,22.4
2013-12-27,48.7,0.009,26.4
2013-12-28,42.4,0,13.7
2013-12-29,39.3,0.008,13.5
2013-12-30,48.2,0.119,25.5
2013-12-31,47.1,0.127,21.1
2014-01-01,48.5,0.467,23.9
2014-01-02,48.5,0.212,18.5
2014-01-03,48.2,0.238,20.8
2014-01-04,46.4,0.207,18.2
2014-01-05,43,0.008,18.9
2014-01-06,52.9,0.434,22.4
2014-01-07,51.3,0.142,22.1
2014-01-08,49.3,0.079,13.3
2014-01-09,48.2,0.157,20.2
2014-01-10,44.3,0.008,10.9
2014-01-11,44.3,0.024,11.5
2014-01-12,40.6,0.008,12.3
2014-01-13,45.5,0.197,16.4
2014-01-14,41.2,0.024,10.1
2014-01-15,49.5,0.095,14.2
2014-01-16,48.6,0.055,16.1
2014-01-17,45.7,0.624,15.3
2014-01-18,48,0.024,13.7
2014-01-19,45.1,0.047,10.2
2014-01-20,40.9,0.008,3.9
2014-01-21,41.2,0,12.1
2014-01-22,46.2,0.009,10.7
2014-01-23,42.6,0.126,15.5
2014-01-24,42.7,0,8.9
2014-01-25,47.4,0.276,23
2014-01-26,42.9,0.158,20.5
2014-01-27,41,0.032,18.3
2014-01-28,44,0.04,15.1
2014-01-29,40.8,0.435,11.5
2014-01-30,40.5,0.196,7.9
2014-01-31,41.9,0.026,18.8
2014-02-01,45.7,0.106,20.5
2014-02-02,45.8,0.25,17.5
2014-02-03,43.8,0,15.9
2014-02-04,44.9,0,20.9
2014-02-05,46.8,0.004,24
2014-02-06,46.5,0.198,19.6
2014-02-07,46.5,0.293,20.5
2014-02-08,46.5,0.237,24.9
2014-02-09,44.7,0.032,23.7
2014-02-10,42.7,0.117,12.4
2014-02-11,42.2,0.087,23.3
2014-02-12,43.5,0.237,28.7
2014-02-13,42.6,0,20.2
2014-02-14,45.1,0.355,34.1
2014-02-15,47.5,0.088,31.6
2014-02-16,43.3,0.008,11.1
2014-02-17,46.8,0.008,14.6
2014-02-18,47.5,0.158,11.1
2014-02-19,46.2,0,12
2014-02-20,50.4,0.04,17.4
2014-02-21,44.6,0,19.8
2014-02-22,46.6,0,14.7
2014-02-23,51,0,22.1
2014-02-24,51.7,0.008,18.4
2014-02-25,48.5,0.117,20
2014-02-26,46.1,0,14.6
2014-02-27,46.1,0.094,18.6
2014-02-28,42.1,0.22,11
2014-03-01,42.7,0.079,6.8
2014-03-02,44.9,0.016,18.8
2014-03-03,43.4,0.393,10.8
2014-03-04,42.8,0.008,8.5
2014-03-05,45.1,0.008,10
2014-03-06,48.8,0,17
2014-03-07,51.6,0,15.1
2014-03-08,53,0,14.3
2014-03-09,55.8,0,11.8
2014-03-10,48.8,0,13.1
2014-03-11,47.8,0,11.5
2014-03-12,49,0,8.2
2014-03-13,51.3,0.008,5.9
2014-03-14,51.3,0,11.9
2014-03-15,54,0,13.9
2014-03-16,55.6,0,12.5
2014-03-17,50.7,0,10.6
2014-03-18,51,0,19.3
2014-03-19,51.4,0,13.5
2014-03-20,51,0,21.9
2014-03-21,48.9,0.126,19
2014-03-22,45.4,0.196,18.5
2014-03-23,44.1,0,17.3
2014-03-24,43.5,0.008,15
2014-03-25,45.5,0.056,10
2014-03-26,41.4,0.126,12.9
2014-03-27,44.1,0,10.2
2014-03-28,47.8,0.008,12
2014-03-29,55.4,0,17.4
2014-03-30,57.6,0,9.6
2014-03-31,57.6,0.008,9
2014-04-01,56.8,0.016,5.7
2014-04-02,57.1,0,11.6
2014-04-03,57.3,0,10.8
2014-04-04,55.4,0,12.2
2014-04-05,53,0,15.5
2014-04-06,57,0.079,16.9
2014-04-07,56.1,0.024,16
2014-04-08,50.1,0.079,20.5
2014-04-09,52.3,0.008,11.5
2014-04-10,53.6,0,8.6
2014-04-11,55.7,0,9.5
2014-04-12,51.9,0,15.6
2014-04-13,54.1,0,13.1
2014-04-14,52.8,0,11.6
2014-04-15,49.4,0,10.3
2014-04-16,51.3,0,9.2
2014-04-17,54.1,0,12.5
2014-04-18,50,0,12
2014-04-19,49,0,13.1
2014-04-20,50.4,0.432,13.8
2014-04-21,55,0.024,9
2014-04-22,54.3,0.207,13.4
2014-04-23,54.7,0.008,13.1
2014-04-24,56,0.04,8.3
2014-04-25,51.8,0.009,11.6
2014-04-26,53.6,0.016,16.6
2014-04-27,53.5,0,13.2
2014-04-28,56.1,0,10.7
2014-04-29,55.7,0,10
2014-04-30,56,0,11.6
2014-05-01,52.9,0.314,8.6
2014-05-02,50.8,0.118,11.4
2014-05-03,48.8,0,7.8
2014-05-04,52.6,0,8.6
2014-05-05,56.1,0,13.9
2014-05-06,59.4,0.008,15
2014-05-07,56.3,0.016,18.2
2014-05-08,55.6,0.158,18.7
2014-05-09,57.5,0.016,23.5
2014-05-10,55.6,0.251,21.1
2014-05-11,52.8,0.008,22.1
2014-05-12,54,0.016,13.9
2014-05-13,51.5,0.511,7.6
2014-05-14,56.2,0.032,9.8
2014-05-15,58.6,0.008,7.7
2014-05-16,60.9,0,5.3
2014-05-17,63.4,0,7.2
2014-05-18,65.5,0,10.7
2014-05-19,67.4,0,14.1
2014-05-20,63.4,0,13.2
2014-05-21,59.4,0,9.7
2014-05-22,58.6,0.355,16.4
2014-05-23,58.1,0.009,16.5
2014-05-24,55.2,0.158,11.9
2014-05-25,57.5,0,15.6
2014-05-26,54.2,0.369,8.3
2014-05-27,54.7,0.229,11.5
2014-05-28,54.5,0.314,9.6
2014-05-29,59.4,0.079,9.7
2014-05-30,57.4,0,8.6
2014-05-31,58.2,0,5.8
2014-06-01,62.6,0,7.1
2014-06-02,62.7,0.031,9.9
2014-06-03,59.3,0.117,11.4
2014-06-04,54.5,0.064,17.5
2014-06-05,57.4,0.04,15.7
2014-06-06,61,0,13.3
2014-06-07,64.7,0.118,11.2
2014-06-08,66.4,0,11.1
2014-06-09,67.8,0,11.9
2014-06-10,64.3,0.165,17.4
2014-06-11,63.2,0,9.4
2014-06-12,67.7,0,7.9
2014-06-13,68.4,0,8.1
2014-06-14,65,0.032,11.8
2014-06-15,60.2,0,11.2
2014-06-16,59.2,0,13.2
2014-06-17,61.8,0,13.4
2014-06-18,63,0.008,10.4
2014-06-19,61.4,0,11.9
2014-06-20,62.5,0,8.4
2014-06-21,66,0,9.4
2014-06-22,66.7,0,8.3
2014-06-23,66.7,0,7.5
2014-06-24,66.1,0.039,11.1
2014-06-25,61.7,0,10.7
2014-06-26,61.3,0,9.6
2014-06-27,63.7,0.078,15.8
2014-06-28,59.6,0.354,7.5
2014-06-29,59.2,0.024,12.2
2014-06-30,59.6,0.04,8.9
2014-07-01,63.8,0.008,9.9
2014-07-02,64.8,0,10.5
2014-07-03,68.9,0,15.9
2014-07-04,68.6,0,17.6
2014-07-05,64.6,0.008,15.2
2014-07-06,62.3,0.024,12.3
2014-07-07,61.2,0.094,10.5
2014-07-08,60.4,0.001,10.3
2014-07-09,64.9,0.041,16.3
2014-07-10,62,0.008,12.3
2014-07-11,60.9,0.165,8.4
2014-07-12,67.8,0,11.1
2014-07-13,68,0.048,12.5
2014-07-14,65.6,0,14.6
2014-07-15,70,0,11.2
2014-07-16,69.4,0,10.8
2014-07-17,72.5,0,11.6
2014-07-18,75.9,0.079,13.2
2014-07-19,73.8,0.048,11.1
2014-07-20,69.8,0.016,9.9
2014-07-21,70.9,0.016,9.3
2014-07-22,70.7,0.008,10
2014-07-23,71.6,0,12.5
2014-07-24,73,0,12.8
2014-07-25,68.6,0.08,14.3
2014-07-26,73.6,0.024,8.5
2014-07-27,71.5,0.008,8.1
2014-07-28,67.8,0.014,11.4
2014-07-29,70.7,0,8.7
2014-07-30,69.2,0,10
2014-07-31,69,0,11.9
2014-08-01,67.7,0,13
2014-08-02,66.9,0,15.7
2014-08-03,65.3,0,14.6
2014-08-04,66.4,0,11.3
2014-08-05,66.8,0,13.5
2014-08-06,68.9,0.369,14.1
2014-08-07,70.2,0,8.1
2014-08-08,68.2,0,10.7
2014-08-09,64.7,0.318,14.8
2014-08-10,63.9,0.683,22.2
2014-08-11,61.2,0.01,19
2014-08-12,60.4,0.024,16.7
2014-08-13,62.5,0.079,13.9
2014-08-14,60.4,0.275,13
2014-08-15,61.6,0.024,8.6
2014-08-16,62.2,0,17.4
2014-08-17,61.7,0.031,19.2
2014-08-18,58.8,0.079,12.7
2014-08-19,57.1,0.047,12.9
2014-08-20,57,0,10.6
2014-08-21,56.6,0,15.1
2014-08-22,60.3,0.008,11.5
2014-08-23,57.7,0.039,11.5
2014-08-24,56.7,0.008,9.1
2014-08-25,59.4,1.186,9.3
2014-08-26,59.8,0.511,12.9
2014-08-27,60.6,0,12.6
2014-08-28,65.2,0.008,14.3
2014-08-29,63,0,17
2014-08-30,63.6,0.047,15.2
2014-08-31,62.6,0,10.7
2014-09-01,60.4,0.031,9
2014-09-02,63.4,0.078,8.6
2014-09-03,65.5,0,10.7
2014-09-04,64.2,0,8.9
2014-09-05,63.6,0,6.5
2014-09-06,65.3,0,4.8
2014-09-07,62.7,0,5.3
2014-09-08,62.2,0,6.1
2014-09-09,62.4,0,8.2
2014-09-10,60.1,0,9
2014-09-11,59.9,0,7.1
2014-09-12,63.5,0,9.6
2014-09-13,62.2,0,12.2
2014-09-14,62.2,0,13.3
2014-09-15,62.3,0,6.2
2014-09-16,64.7,0,9.5
2014-09-17,64.5,0,10.5
2014-09-18,67.1,0,10.4
2014-09-19,67.8,0.204,7.3
2014-09-20,63.6,0.164,8.3
2014-09-21,59.6,0.008,12.5
2014-09-22,56.9,0,6.3
2014-09-23,56.2,0,9.2
2014-09-24,58.5,0.039,13
2014-09-25,56.8,0,13.7
2014-09-26,63.3,0,11
2014-09-27,63.6,0,5.4
2014-09-28,65.3,0,6.9
2014-09-29,61.2,0.016,7.2
2014-09-30,63.8,0,9.3
2014-10-01,63.5,0.039,11.4
2014-10-02,63.3,0,7.4
2014-10-03,62.1,0,11.8
2014-10-04,56.6,0.198,13.1
2014-10-05,50.6,0,5.7
2014-10-06,52.9,0.079,15.7
2014-10-07,52.3,0.252,18.2
2014-10-08,55.1,0.314,17.9
2014-10-09,56.4,0.165,20.2
2014-10-10,56.3,0.04,13.5
2014-10-11,55.7,0.024,10
2014-10-12,52.2,0.118,13.1
2014-10-13,55.6,1.093,15.8
2014-10-14,56.4,0.275,8.8
2014-10-15,56.8,0.017,8.4
2014-10-16,58.8,0.236,11.3
2014-10-17,61.1,0.039,13.6
2014-10-18,64.8,0.016,15.3
2014-10-19,62.7,0.165,18.2
2014-10-20,58,0,14.1
2014-10-21,54.7,0.126,25.1
2014-10-22,50.6,0.008,13.7
2014-10-23,57.3,0,13.5
2014-10-24,59.7,0,11
2014-10-25,53.7,0.008,13.4
2014-10-26,56.7,0,13.1
2014-10-27,59.4,0,16.8
2014-10-28,59.1,0.008,12.8
2014-10-29,56.6,0.039,7.7
2014-10-30,60,0.031,8.7
2014-10-31,63.3,0,12.3
2014-11-01,59.9,0,13.9
2014-11-02,57.5,0.237,15.2
2014-11-03,48.7,0.315,10.8
2014-11-04,46.9,0.018,7.4
2014-11-05,47,0.236,9.8
2014-11-06,45.9,0.008,14.8
2014-11-07,52.6,0.058,22.2
2014-11-08,52,0.235,19
2014-11-09,49.4,0.165,7.5
2014-11-10,50.8,0.023,13.3
2014-11-11,53.5,0.008,15
2014-11-12,53,0.087,13
2014-11-13,53,0.024,15
2014-11-14,52.7,0.418,14.3
2014-11-15,50.1,0.031,5.3
2014-11-16,50.3,0.016,6.3
2014-11-17,48.2,0.3,9.9
2014-11-18,50.2,0.164,7.4
2014-11-19,49.2,0.008,8.4
2014-11-20,48.1,0,8.5
2014-11-21,46.6,0.031,10.7
2014-11-22,55.1,0.047,7.9
2014-11-23,49.1,1.203,9.2
2014-11-24,40.8,0.008,4.7
2014-11-25,44.5,0.032,8.6
2014-11-26,48.4,0.159,5.8
2014-11-27,50.5,0.088,7.1
2014-11-28,52.5,0,11.5
2014-11-29,51.5,0,7.9
2014-11-30,49.3,0,10.9
2014-12-01,46,0,11.8
2014-12-02,45.5,0.024,17.2
2014-12-03,44.5,0,14.6
2014-12-04,40.4,0.024,11.6
2014-12-05,40.7,0.039,7.5
2014-12-06,37.2,0.008,7.2
2014-12-07,45,0.031,15.8
2014-12-08,40.7,0,12.6
2014-12-09,41.4,0,18.7
2014-12-10,46.6,0.016,25.1
2014-12-11,45.5,0.078,19.3
2014-12-12,45.7,0.503,21.1
2014-12-13,37.8,0,6.7
2014-12-14,42.9,0.008,14.8
2014-12-15,45.1,0.024,12.2
2014-12-16,40.7,0,10.1
2014-12-17,52.3,0.12,17.5
2014-12-18,55.6,0,19.6
2014-12-19,50,0.048,19.2
2014-12-20,45.2,0,17.6
2014-12-21,47.7,0,19.4
2014-12-22,54.9,0,22.1
2014-12-23,53.4,0,19.7
2014-12-24,48.2,0.039,18.7
2014-12-25,42,0,13.4
2014-12-26,39.1,0.118,15.7
2014-12-27,39.2,0.205,23.5
2014-12-28,38,0,10.9
2014-12-29,34.7,0,7
2014-12-30,34.2,0.008,6.7
2014-12-31,38.2,0.008,12.4
2015-01-01,47.7,0.008,21.1
2015-01-02,48.1,0.039,19.9
2015-01-03,41.1,0.509,11
2015-01-04,35.8,0.008,5.3
2015-01-05,45.8,0,9.1
2015-01-06,45.6,0.078,15.6
2015-01-07,43.9,0.008,18.2
2015-01-08,48.6,0.527,15.9
2015-01-09,54,0.039,30.2
2015-01-10,50.7,0.031,30.8
2015-01-11,43.2,0,18.2
2015-01-12,50.7,0.134,22.3
2015-01-13,46.8,0.45,18.3
2015-01-14,42.5,0.008,24.7
2015-01-15,47.1,0.253,26.2
2015-01-16,41.4,0.031,15.4
2015-01-17,37.5,0.016,9.8
2015-01-18,38.5,0.031,7.7
2015-01-19,36.4,0.008,5.8
2015-01-20,35.1,0,13.5
2015-01-21,38.2,0,12.8
2015-01-22,37.5,0,7.2
2015-01-23,35.5,0,12.6
2015-01-24,42,0.04,16.2
2015-01-25,40.2,0,11.8
2015-01-26,47.4,0.008,12.5
2015-01-27,43.3,0,10.7
2015-01-28,44.4,0.032,26.6
2015-01-29,37.8,0.024,19
2015-01-30,38.8,0.024,12.5
2015-01-31,37.6,0.04,16.2
2015-02-01,38.8,0.149,18.8
2015-02-02,33.6,0,8.2
2015-02-03,36.1,0.086,11.5
2015-02-04,37.8,0,11.3
2015-02-05,37.7,0.024,11.8
2015-02-06,37.6,0,18.6
2015-02-07,38.9,0,12
2015-02-08,42.1,0,9.4
2015-02-09,42.8,0,7.9
2015-02-10,42.6,0,9
2015-02-11,41.4,0,7.3
2015-02-12,39.5,0,6.2
2015-02-13,44.2,0.079,16.9
2015-02-14,44.9,0.245,10
2015-02-15,44.1,0.016,7.1
2015-02-16,43,0.166,9.8
2015-02-17,42.4,0.079,9.9
2015-02-18,42.4,0,13.5
2015-02-19,44.3,0.079,16.5
2015-02-20,43.6,0.118,8.9
2015-02-21,39.9,0.079,11.5
2015-02-22,39.2,0.236,23
2015-02-23,43.6,0.032,20.6
2015-02-24,44.1,0.031,19.9
2015-02-25,47.8,0.11,7.9
2015-02-26,48.7,0.244,14.1
2015-02-27,41.4,0,11.2
2015-02-28,47,0,18.3
2015-03-01,47.9,0.236,21.7
2015-03-02,42.2,0.008,26.1
2015-03-03,42.9,0,19.5
2015-03-04,43.3,0,14.6
2015-03-05,44.3,0,12
2015-03-06,47.8,0,15.4
2015-03-07,50.8,0,17.3
2015-03-08,49.2,0,14.2
2015-03-09,46.6,0,14.3
2015-03-10,48.2,0,9.5
2015-03-11,48,0,12.1
2015-03-12,51.1,0,14.3
2015-03-13,48.3,0,14.1
2015-03-14,43.3,0,13.4
2015-03-15,43.5,0.008,12
2015-03-16,44.2,0.258,8.9
2015-03-17,47.9,0.008,8.1
2015-03-18,44.9,0.008,11.8
2015-03-19,45,0,11.3
2015-03-20,46,0,9.3
2015-03-21,46.1,0,14.9
2015-03-22,43.2,0,10.6
2015-03-23,45.4,0,11.5
2015-03-24,45.4,0.016,9.5
2015-03-25,42.8,0.039,8.5
2015-03-26,46.8,0.158,17.4
2015-03-27,46.6,0,10.2
2015-03-28,52,0.008,20.8
2015-03-29,51.8,0.079,31.8
2015-03-30,48.3,0.086,20.7
2015-03-31,51.8,0.031,31.6
2015-04-01,46.1,0,19.8
2015-04-02,48.2,0.079,18.2
2015-04-03,48.9,0.031,8.8
2015-04-04,48.1,0.008,14.9
2015-04-05,48.7,0,7.1
2015-04-06,49,0,12.8
2015-04-07,52.2,0,5.7
2015-04-08,53,0,8.2
2015-04-09,52.9,0,6.4
2015-04-10,56.7,0,12
2015-04-11,52.8,0.078,17.5
2015-04-12,52.4,0,21
2015-04-13,52.6,0,10.5
2015-04-14,58.2,0,14.7
2015-04-15,63.2,0,11.1
2015-04-16,53.8,0,13.3
2015-04-17,52,0,16.6
2015-04-18,49.9,0,17.5
2015-04-19,47.1,0,11.6
2015-04-20,52.8,0,11.5
2015-04-21,53.6,0,11.8
2015-04-22,51.7,0,16
2015-04-23,52,0,8.6
2015-04-24,54,0,14
2015-04-25,56.8,0.109,15.4
2015-04-26,49.3,0.149,11.1
2015-04-27,48,0,11.7
2015-04-28,48.2,0,16.8
2015-04-29,49.1,0.157,16.6
2015-04-30,50.5,0,14.5
2015-05-01,49,0,14.1
2015-05-02,50.4,0,13.6
2015-05-03,57.7,0.055,23.3
2015-05-04,58.6,0,14.6
2015-05-05,57.8,0.276,27
2015-05-06,54,0.204,24.1
2015-05-07,55.7,0.008,14.8
2015-05-08,55.4,0.008,11.8
2015-05-09,57.8,0,20.9
2015-05-10,58,0,13.9
2015-05-11,62.1,0,14.9
2015-05-12,56.9,0.008,20.6
2015-05-13,56.4,0,10.2
2015-05-14,49.6,0.511,14.4
2015-05-15,52.5,0.118,10.9
2015-05-16,58.8,0.008,14.2
2015-05-17,54.7,0,14
2015-05-18,53.4,0.079,25
2015-05-19,50.6,0.016,16.8
2015-05-20,51.6,0.008,12.9
2015-05-21,56.3,0,13.5
2015-05-22,58.5,0,10
2015-05-23,58.8,0.023,10.8
2015-05-24,60,0,11
2015-05-25,56.8,0,11.1
2015-05-26,58.7,0,10.9
2015-05-27,57.4,0,15
2015-05-28,58.1,0,15.8
2015-05-29,52.7,0.079,16.9
2015-05-30,53.8,0,12.7
2015-05-31,55.9,0.017,17.4
2015-06-01,53,0.008,20.8
2015-06-02,59.1,0.008,23.2
2015-06-03,59.2,0,14.9
2015-06-04,61.5,0,10
2015-06-05,65.6,0.039,16.7
2015-06-06,57.9,0,17.2
2015-06-07,58.7,0,8.6
2015-06-08,56.6,0,11.8
2015-06-09,53.6,0,16.1
2015-06-10,57.2,0,15.1
2015-06-11,62.6,0,16
2015-06-12,66.6,0,9.4
2015-06-13,62.7,0.008,13.3
2015-06-14,58.2,0.008,10.9
2015-06-15,58,0.039,12
2015-06-16,61.9,0,10.1
2015-06-17,65.7,0,18.2
2015-06-18,64.4,0,11.7
2015-06-19,61.4,0,10.1
2015-06-20,61.4,0.04,9.2
2015-06-21,63,0.016,15.3
2015-06-22,58,0.04,14.7
2015-06-23,60.6,0,9.3
2015-06-24,64.5,0,12.9
2015-06-25,66,0,10.6
2015-06-26,67.6,0.008,17
2015-06-27,66,0,12.1
2015-06-28,65,0.039,13.5
2015-06-29,67.4,0,9.8
2015-06-30,71.8,0,10.6
2015-07-01,81.5,0,14.3
2015-07-02,70.9,0,13.8
2015-07-03,68.3,0.023,14.9
2015-07-04,71,0.119,15.1
2015-07-05,64.3,0.024,15.8
2015-07-06,65.1,0,14.4
2015-07-07,66.1,0,19.6
2015-07-08,63.4,0.024,16.7
2015-07-09,62.8,0,10.8
2015-07-10,68.4,0.016,11.5
2015-07-11,69.3,0,15.7
2015-07-12,64.2,0.181,16.1
2015-07-13,64.8,0.047,16.1
2015-07-14,65.7,0.008,12.6
2015-07-15,66.8,0.04,8.6
2015-07-16,67.5,0,11.5
2015-07-17,67.9,0.002,19.5
2015-07-18,64.3,0,11.3
2015-07-19,66.6,0.024,16.7
2015-07-20,66,0.023,15.6
2015-07-21,67.4,0,16.8
2015-07-22,65.6,0,14.9
2015-07-23,62.8,0,11.2
2015-07-24,60,1.061,11.2
2015-07-25,61.3,0.158,15.8
2015-07-26,58.4,0.236,13.7
2015-07-27,63,0.016,19.8
2015-07-28,61.5,0,19.1
2015-07-29,59,0,12.9
2015-07-30,60.4,0,10.7
2015-07-31,61.1,0,8.7
2015-08-01,61.4,0,12.3
2015-08-02,66.3,0,11.8
2015-08-03,67.2,0,16.8
2015-08-04,63.9,0,17.1
2015-08-05,63.6,0.008,10.8
2015-08-06,66.7,0,13.6
2015-08-07,65.9,0,8
2015-08-08,68.3,0,11.2
2015-08-09,68.8,0,11.5
2015-08-10,67.4,0,13.8
2015-08-11,64,0.008,7
2015-08-12,66,0.024,12
2015-08-13,65.8,0.366,12.4
2015-08-14,65.7,0.008,13.9
2015-08-15,62.8,0.04,10
2015-08-16,61.2,0,7.5
2015-08-17,63.6,0,9
2015-08-18,62.5,0,11
2015-08-19,63,0,13
2015-08-20,65.3,0.119,11.5
2015-08-21,70.8,0,14.4
2015-08-22,72.7,0,12.7
2015-08-23,67.1,0.235,13.5
2015-08-24,59.7,0.631,11.8
2015-08-25,59.9,0.174,14.3
2015-08-26,63.9,0.455,19.4
2015-08-27,60.8,0.009,15.6
2015-08-28,61.4,0.008,14.4
2015-08-29,63.5,0.024,8.8
2015-08-30,64,0.079,8.8
2015-08-31,59.5,0.403,8.3
2015-09-01,58.9,0.032,8
2015-09-02,55.9,0.024,8.9
2015-09-03,55.7,0.078,10.1
2015-09-04,56.5,0,8.6
2015-09-05,55,0.016,9.7
2015-09-06,56,0,7.6
2015-09-07,57.2,0,11.3
2015-09-08,57,0,8.2
2015-09-09,59.9,0,12.1
2015-09-10,61.4,0,12.4
2015-09-11,62.7,0.008,12.5
2015-09-12,63.4,0.008,15.1
2015-09-13,57,0,9.7
2015-09-14,57.4,0.042,19
2015-09-15,56.6,0.024,14
2015-09-16,56.1,0.832,12.6
2015-09-17,57.1,0.032,12.5
2015-09-18,58.2,0.082,8.2
2015-09-19,58.4,0.001,6.3
2015-09-20,58,0,10.1
2015-09-21,57.1,0.158,11.3
2015-09-22,52.9,0.51,9.4
2015-09-23,55.4,0.008,14.6
2015-09-24,59.1,0.134,14.6
2015-09-25,55.4,0,8.4
2015-09-26,55.1,0,7.8
2015-09-27,56.8,0,12.9
2015-09-28,56.9,0,14.9
2015-09-29,58.4,0,14.1
2015-09-30,57.9,0,16.5
2015-10-01,57.9,0,14.4
2015-10-02,57.3,0,8.1
2015-10-03,54.2,0,5.4
2015-10-04,54.7,0,10.6
2015-10-05,60,0.033,12.4
2015-10-06,61.4,0.316,14.3
2015-10-07,57.7,0.087,13.1
2015-10-08,52.6,0,6.4
2015-10-09,53.4,0,6.2
2015-10-10,55.3,0,10.4
2015-10-11,54.7,0,11.6
2015-10-12,52.3,0,10.1
2015-10-13,50.9,0,12.5
2015-10-14,50.6,0,12.1
2015-10-15,52.1,0.008,10.6
2015-10-16,54.4,0,13.9
2015-10-17,53.4,0,13.4
2015-10-18,55.2,0,8.6
2015-10-19,54.7,0,7.9
2015-10-20,52,0,7.8
2015-10-21,53,0.291,11
2015-10-22,56.2,0,13.5
2015-10-23,54,0,7.8
2015-10-24,54.1,0.079,10.5
2015-10-25,46.5,0.008,6.5
2015-10-26,53,0,11.4
2015-10-27,58.1,0,10
2015-10-28,55.3,0.486,7.9
2015-10-29,55.6,0,14
2015-10-30,58.1,0.158,13
2015-10-31,55.2,0,6.7
2015-11-01,50.8,0.008,3.9
2015-11-02,51.3,0,8
2015-11-03,53.1,0,6.8
2015-11-04,55.4,0.212,8.4
2015-11-05,58.4,0.189,15.2
2015-11-06,60.1,0.04,14.7
2015-11-07,59.4,0.118,21.8
2015-11-08,56.4,0,16.5
2015-11-09,56,0.008,21.4
2015-11-10,59.2,0,16.7
2015-11-11,57.6,0,15
2015-11-12,56.5,0,16
2015-11-13,50.1,0.117,22.1
2015-11-14,50.5,0.237,19.5
2015-11-15,59.2,0.008,22.5
2015-11-16,55.5,0.023,19.2
2015-11-17,57.3,0.236,31.3
2015-11-18,55.5,0.078,27.4
2015-11-19,51.8,0.086,21.9
2015-11-20,47,0,14.2
2015-11-21,39,0.118,19.8
2015-11-22,36.9,0,7.7
2015-11-23,39.6,0,9
2015-11-24,47,0.275,12
2015-11-25,47,0.016,11.5
2015-11-26,48.5,0.008,6.9
2015-11-27,51.8,0.008,20.1
2015-11-28,45,0.078,21.3
2015-11-29,52.3,0.031,29.1
2015-11-30,52.8,0.243,23.7
2015-12-01,54.7,0.141,15.8
2015-12-02,54.7,0,14.5
2015-12-03,54.9,0,18.7
2015-12-04,50.8,0.126,18.9
2015-12-05,54.2,0,24.2
2015-12-06,55.8,0.008,21.4
2015-12-07,55,0.024,14.3
2015-12-08,52.7,0.158,15.3
2015-12-09,47.7,0.001,16
2015-12-10,52.4,0.008,17.3
2015-12-11,49.1,0.244,15.3
2015-12-12,50.3,0.008,21.9
2015-12-13,47.1,0.07,16.1
2015-12-14,48.3,0.008,8
2015-12-15,52.4,0.017,10.8
2015-12-16,57.1,0.196,16.4
2015-12-17,56.7,0.008,13.8
2015-12-18,54.9,0,13.4
2015-12-19,58.7,0,17.8
2015-12-20,54.5,0.079,18.5
2015-12-21,50.3,0.095,22.7
2015-12-22,56.7,0.04,23.8
2015-12-23,51.3,0.158,18.8
2015-12-24,50.4,0.079,22.6
2015-12-25,50.8,0.008,19.6
2015-12-26,58.3,0.016,21.9
2015-12-27,57.3,0,21.7
2015-12-28,53.1,0,14
2015-12-29,52.1,0.078,16.2
2015-12-30,54.1,0,23.1
2015-12-31,48.3,0.394,19.6
2016-01-01,42.7,0.15,15.4
2016-01-02,50.1,0.049,16.4
2016-01-03,46.4,0.402,18.3
2016-01-04,46.4,0.008,11.8
2016-01-05,47.3,0.009,10.6
2016-01-06,44.8,0.024,8.4
2016-01-07,45.6,0.512,22.4
2016-01-08,43,0.039,11.6
2016-01-09,48.3,0.12,19.9
2016-01-10,44.1,0.119,13.1
2016-01-11,43.6,0.137,10.2
2016-01-12,42.1,0.008,19.6
2016-01-13,41.3,0.016,14.6
2016-01-14,39.1,0.048,17.8
2016-01-15,37.6,0,14
2016-01-16,36.7,0,7.1
2016-01-17,36.7,0.047,12.2
2016-01-18,38.1,0,11.4
2016-01-19,33.6,0,2.9
2016-01-20,34,0,4.3
2016-01-21,39.2,0,11.1
2016-01-22,45.3,0.032,13.1
2016-01-23,45.9,0.016,13.6
2016-01-24,53.9,0.04,12.9
2016-01-25,52.7,0,20.2
2016-01-26,49.1,0.079,22.6
2016-01-27,53.2,0.04,22.8
2016-01-28,44.5,0,17.7
2016-01-29,52.2,0.008,23.2
2016-01-30,46.4,0.01,20.8
2016-01-31,48.4,0.079,20.9
2016-02-01,54.3,0,22.6
2016-02-02,47.1,0,22.8
2016-02-03,41.9,0,17.1
2016-02-04,49.2,0.008,17.6
2016-02-05,50.7,0.016,19.9
2016-02-06,51.2,0.008,26.9
2016-02-07,45.7,0.237,23.2
2016-02-08,46.8,0.457,29.9
2016-02-09,42.4,0,15.3
2016-02-10,42.6,0.024,15.3
2016-02-11,39,0,7.1
2016-02-12,40.3,0,11.5
2016-02-13,39.7,0.008,14.3
2016-02-14,39.8,0.141,15.4
2016-02-15,38.5,0,13.6
2016-02-16,38.4,0,13.4
2016-02-17,40.4,0.016,14.6
2016-02-18,40.9,0.236,11.5
2016-02-19,41.6,0,17.9
2016-02-20,51,0.095,24.5
2016-02-21,54.9,0,22.1
2016-02-22,48.2,0.173,16.3
2016-02-23,43.5,0,10
2016-02-24,39.5,0,7
2016-02-25,36.7,0,9.3
2016-02-26,40,0,11.3
2016-02-27,41,0,16.1
2016-02-28,41.4,0,16.2
2016-02-29,41.9,0,8.4
2016-03-01,47.8,0.158,18.2
2016-03-02,42.6,0.157,26.9
2016-03-03,44.2,0.008,20.2
2016-03-04,42.1,0.008,15.1
2016-03-05,39.3,0.016,14.3
2016-03-06,39,0.031,10.6
2016-03-07,40.6,0,13
2016-03-08,40.5,0,14
2016-03-09,46.3,0.605,16.4
2016-03-10,44.9,0.008,6.8
2016-03-11,43.3,0.024,6
2016-03-12,44.8,0,5.6
2016-03-13,42.7,0,12.9
2016-03-14,44.5,0,18
2016-03-15,44,0,13.2
2016-03-16,45.7,0.008,16.7
2016-03-17,44.7,0.008,12.1
2016-03-18,42,0,12
2016-03-19,45,0,12.3
2016-03-20,46.1,0,10.8
2016-03-21,48.5,0,10.8
2016-03-22,47.5,0,6.1
2016-03-23,47.8,0,6.4
2016-03-24,46.9,0.079,13.6
2016-03-25,51.3,0.268,10.2
2016-03-26,49.9,0,24
2016-03-27,47.2,0.237,21.2
2016-03-28,47.6,0.927,33.6
2016-03-29,46.3,0.173,17.8
2016-03-30,47.5,0.079,13.5
2016-03-31,48.2,0,8.8
2016-04-01,46.9,0,16.3
2016-04-02,51.3,0.008,12.8
2016-04-03,52.4,0.118,10.1
2016-04-04,51.3,0.079,13
2016-04-05,52.1,0,12.9
2016-04-06,48.2,0.024,23.4
2016-04-07,45.5,0.039,16.5
2016-04-08,47.7,0.001,10
2016-04-09,47.3,0.079,14
2016-04-10,46.6,0,17.5
2016-04-11,53.2,0.126,10.2
2016-04-12,53.5,0.172,11.5
2016-04-13,53.3,0,7.3
2016-04-14,54.6,0.031,11.5
2016-04-15,50.5,0.599,10.1
2016-04-16,44.3,0.024,10.2
2016-04-17,44.8,0,8.3
2016-04-18,47.7,0,15.3
2016-04-19,52.7,0,10.5
2016-04-20,49.4,0,14.7
2016-04-21,51.5,0,15.8
2016-04-22,48.1,0.118,13.5
2016-04-23,45.4,0.118,13.1
2016-04-24,45.1,0.032,11.3
2016-04-25,46,0.055,15
2016-04-26,42.9,0.008,14.3
2016-04-27,43.5,0,9.7
2016-04-28,44.8,0.246,16.3
2016-04-29,46.6,0.226,18.9
2016-04-30,47.3,0,9.9
2016-05-01,50.4,0,13.4
2016-05-02,54.4,0,18.5
2016-05-03,51.6,0,11
2016-05-04,54,0,10.8
2016-05-05,57.9,0,11.5
2016-05-06,60.8,0,8.9
2016-05-07,64.6,0,13.3
2016-05-08,68.4,0,15.1
2016-05-09,65.3,0.118,13.7
2016-05-10,61,0.198,9.6
2016-05-11,61.3,0.789,8.4
2016-05-12,64,0.024,15.1
2016-05-13,55.9,0,15.9
2016-05-14,50.6,0,11.6
2016-05-15,53.8,0,10.1
2016-05-16,56.2,0,9.3
2016-05-17,56.6,0,15.1
2016-05-18,54.5,0.119,12.3
2016-05-19,56.8,0.039,15.2
2016-05-20,59.7,0,13.6
2016-05-21,59.6,0,17.3
2016-05-22,59.2,0,9
2016-05-23,58.8,0,10.6
2016-05-24,55.2,0,11.9
2016-05-25,51.7,0,9.2
2016-05-26,57.7,0,8.2
2016-05-27,60.2,0,9.8
2016-05-28,58.6,0,9.9
2016-05-29,57.5,0,12.4
2016-05-30,57.9,0,18.2
2016-05-31,54.7,0.668,16.6
2016-06-01,55.1,0.086,14.6
2016-06-02,52.6,0.008,16.3
2016-06-03,52.2,0,10.9
2016-06-04,59.7,0,7.5
2016-06-05,62.7,0,8.8
2016-06-06,63.1,0,10.4
2016-06-07,64.7,0.16,7.6
2016-06-08,64.6,0.629,7.5
2016-06-09,61.7,0,7.1
2016-06-10,65.2,0,9
2016-06-11,65.6,0.024,7.9
2016-06-12,62,0.173,10.4
2016-06-13,61,0.094,11.8
2016-06-14,60.1,0.445,14
2016-06-15,60.8,0.008,12.5
2016-06-16,60.3,0.016,7.5
2016-06-17,59.8,0.432,8.3
2016-06-18,58.1,0.236,8.3
2016-06-19,61.4,0,13.2
2016-06-20,63.4,0.629,15.2
2016-06-21,64.2,0,12.6
2016-06-22,65.2,0,12.4
2016-06-23,67.1,0.361,8.8
2016-06-24,63.1,0.016,15.3
2016-06-25,60.7,0.008,12.5
2016-06-26,60.8,0.016,15.1
2016-06-27,64,0.047,11.1
2016-06-28,60.9,0.079,14.8
2016-06-29,58.5,0.016,17.3
2016-06-30,62.1,0.031,14
2016-07-01,61,0.078,16.8
2016-07-02,58.4,0.243,18.8
2016-07-03,61,0.008,10.3
2016-07-04,62.3,0,13.2
2016-07-05,64,0,14
2016-07-06,63.6,0,7.8
2016-07-07,65.5,0,10.9
2016-07-08,66,0,16
2016-07-09,66.7,0,16.3
2016-07-10,66.3,0,18.6
2016-07-11,63.6,0.04,18.2
2016-07-12,59.7,0.394,11.1
2016-07-13,59.9,0.039,11.3
2016-07-14,62.3,0,9.5
2016-07-15,61.5,0,13.1
2016-07-16,70,0,12.5
2016-07-17,72,0,15
2016-07-18,73.3,0,6.2
2016-07-19,77.5,0,11.7
2016-07-20,76.3,0,16.6
2016-07-21,68.1,0.508,9.4
2016-07-22,68.9,0.008,6.2
2016-07-23,70.9,0,12.4
2016-07-24,68,0,14
2016-07-25,67.1,0.008,12.9
2016-07-26,65.6,0,9.6
2016-07-27,67.7,0.04,11.1
2016-07-28,65.6,0.008,12.7
2016-07-29,65.7,0.047,13
2016-07-30,65.9,0.023,7.1
2016-07-31,65.3,0,10
2016-08-01,60.7,0.016,12
2016-08-02,64.6,0.512,12.3
2016-08-03,68.2,0,17.7
2016-08-04,65.3,0,15
2016-08-05,65.8,0,10.7
2016-08-06,67.2,0,14
2016-08-07,69.8,0,18.7
2016-08-08,64.4,0,14.1
2016-08-09,61.1,0,10.5
2016-08-10,60.1,0,9.3
2016-08-11,65.1,0,14
2016-08-12,68,0,15.6
2016-08-13,67.1,0,14
2016-08-14,67,0,6.7
2016-08-15,64.9,0,10.9
2016-08-16,64.8,0,10.5
2016-08-17,66.9,0,8.4
2016-08-18,67.4,0,8.7
2016-08-19,64,0.024,13.7
2016-08-20,63.2,0.079,20.6
2016-08-21,64.4,0.039,18.7
2016-08-22,67.8,0.016,15.2
2016-08-23,71.8,0.273,13.2
2016-08-24,76.9,0,7.8
2016-08-25,74.5,0.008,7.5
2016-08-26,72.2,0.023,6.8
2016-08-27,70.1,0,13.7
2016-08-28,66.8,0.04,13.4
2016-08-29,66.3,0,7.8
2016-08-30,66.9,0,9.9
2016-08-31,65.3,0,12.1
2016-09-01,65.3,0,11
2016-09-02,63.3,0,12.3
2016-09-03,62.6,0.118,15.6
2016-09-04,65,0.04,16
2016-09-05,64.8,0.039,8
2016-09-06,71,0,7.8
2016-09-07,72.1,0,7
2016-09-08,67.2,0,17.3
2016-09-09,66.1,0.008,16.1
2016-09-10,65.4,0.157,14.4
2016-09-11,60.3,0.008,10.3
2016-09-12,66.5,0,11.2
2016-09-13,75.4,0,9.7
2016-09-14,73.6,0,10.3
2016-09-15,71.8,0.001,8.8
2016-09-16,62.9,0.561,11
2016-09-17,59,0,12.5
2016-09-18,62.4,0,7.1
2016-09-19,63,0,6.3
2016-09-20,61.9,0.034,6
2016-09-21,64.6,0,10.5
2016-09-22,62.3,0,11.3
2016-09-23,58.5,0,9.3
2016-09-24,64.4,0,16.9
2016-09-25,62.9,0.039,16.6
2016-09-26,58.1,0,11.4
2016-09-27,61.1,0,14.4
2016-09-28,62.8,0,15.8
2016-09-29,62.8,0.079,17.1
2016-09-30,57.6,0.016,12.2
2016-10-01,53.7,0.213,10.2
2016-10-02,54.8,0.024,8.6
2016-10-03,53.6,0,6.8
2016-10-04,58.4,0,17.1
2016-10-05,57.8,0,18.9
2016-10-06,55.2,0,15.8
2016-10-07,56.4,0,10.5
2016-10-08,57.1,0.008,10
2016-10-09,53.6,0.016,11.5
2016-10-10,51.5,0,10.1
2016-10-11,51.8,0,10.1
2016-10-12,54.4,0.016,13.4
2016-10-13,51.8,0.078,14.4
2016-10-14,53.7,0,9.8
2016-10-15,54.6,0.197,10.6
2016-10-16,55.2,0.15,12.9
2016-10-17,55.4,0.275,14
2016-10-18,52.4,0,15.2
2016-10-19,52.5,0,12.1
2016-10-20,53.3,0,12.2
2016-10-21,51.9,0,8.9
2016-10-22,51.2,0,7.4
2016-10-23,50.3,0,14.8
2016-10-24,53,0,8.5
2016-10-25,53.4,0,4.1
2016-10-26,55.1,0,10.5
2016-10-27,53.6,0,12.9
2016-10-28,57.4,0,12
2016-10-29,56.7,0,3.2
2016-10-30,52.2,0,5.1
2016-10-31,55.8,0,3.5
2016-11-01,50.4,0,9.3
2016-11-02,44.9,0,7.9
2016-11-03,44.7,0,9.3
2016-11-04,48,0.002,5.7
2016-11-05,43.2,0,11.5
2016-11-06,41.3,0.001,13.3
2016-11-07,43.9,0,14.7
2016-11-08,38.9,0,7.1
2016-11-09,44.5,0.943,16.4
2016-11-10,44.4,0.039,12.6
2016-11-11,44.6,0.039,8.1
2016-11-12,48.4,0.315,10.6
2016-11-13,47.4,0.008,9.1
2016-11-14,49.9,0.008,11.2
2016-11-15,57,0,10.2
2016-11-16,54.5,0.016,16.9
2016-11-17,49,0.118,24
2016-11-18,42,0.016,15
2016-11-19,41,0,10.7
2016-11-20,45,0.202,17.8
2016-11-21,48.9,0.552,15.5
2016-11-22,49.9,0.031,20.7
2016-11-23,47.9,0,13.5
2016-11-24,50.2,0,18
2016-11-25,47,0,15.4
2016-11-26,43.5,0,7.8
2016-11-27,45.8,0.008,11.8
2016-11-28,44.3,0,14.6
2016-11-29,38.2,0,7
2016-11-30,34,0,4.9
2016-12-01,36.2,0,6.5
2016-12-02,43.9,0,5.8
2016-12-03,44,0,13.6
2016-12-04,41.1,0,11.8
2016-12-05,39.7,0,5.3
2016-12-06,45.5,0,8.4
2016-12-07,52.2,0,11
2016-12-08,53.5,0,13.8
2016-12-09,54.7,0,11.6
2016-12-10,53.6,0.039,16
2016-12-11,44.6,0.197,9.9
2016-12-12,46.3,0.016,9.9
2016-12-13,51.8,0.008,8.8
2016-12-14,50.4,0,8.9
2016-12-15,48.4,0,8.5
2016-12-16,49.4,0,6.9
2016-12-17,44.2,0,6
2016-12-18,45.2,0,4.8
2016-12-19,44.1,0,5.9
2016-12-20,42.7,0,9.6
2016-12-21,49.4,0.008,14.4
2016-12-22,44.7,0,9.6
2016-12-23,48.2,0,22.4
2016-12-24,46.9,0.04,18
2016-12-25,53.5,0,16.7
2016-12-26,45.7,0.047,16.1
2016-12-27,36.8,0,9.5
2016-12-28,36.8,0,5.4
2016-12-29,37,0.008,5.1
2016-12-30,37.1,0,4.9
2016-12-31,43.7,0,9.2
2017-01-01,43.8,0.354,12.6
2017-01-02,38.3,0.079,9.5
2017-01-03,35.9,0,12.6
2017-01-04,41.5,0,10.9
2017-01-05,36.8,0,4.6
2017-01-06,38,0.039,10.2
2017-01-07,47.8,0.087,9.7
2017-01-08,48.5,0.008,4.9
2017-01-09,47.1,0.134,14.6
2017-01-10,44.1,0.078,10.7
2017-01-11,47.5,0,17.3
2017-01-12,41.1,0.668,15.2
2017-01-13,37.9,0.103,20.8
2017-01-14,36.5,0.016,10.9
2017-01-15,42,0.213,9.9
2017-01-16,41.6,0.134,5.2
2017-01-17,37.7,0,5.1
2017-01-18,34.6,0,3.1
2017-01-19,38.2,0,7.7
2017-01-20,38.2,0,10.4
2017-01-21,35.5,0,9.3
2017-01-22,33.4,0,4.3
2017-01-23,34.4,0.008,3.9
2017-01-24,39,0,7.1
2017-01-25,34.7,0,7
2017-01-26,31.7,0,8.1
2017-01-27,38.3,0,10.6
2017-01-28,45.6,0.008,14.1
2017-01-29,44,0.158,12.3
2017-01-30,46.1,0.354,9.7
2017-01-31,44.3,0.024,11.1
2017-02-01,50.8,0.315,14.7
2017-02-02,51.5,0.008,17.2
2017-02-03,48,0.032,23.1
2017-02-04,42.6,0.064,8.3
2017-02-05,41.6,0.008,10.3
2017-02-06,41.1,0,10.7
2017-02-07,45.6,0.244,9.5
2017-02-08,40.8,0,8.4
2017-02-09,36.5,0,10.7
2017-02-10,35.9,0.016,9.9
2017-02-11,35.9,0.039,9.6
2017-02-12,38.5,0.024,13.7
2017-02-13,43,0,16.6
2017-02-14,45.4,0,10.1
2017-02-15,49.1,0.04,14
2017-02-16,48,0.008,11.6
2017-02-17,49.2,0.008,9.7
2017-02-18,46.8,0,8.6
2017-02-19,47.4,0,11.2
2017-02-20,54.9,0.008,17
2017-02-21,53.4,0,16.4
2017-02-22,54.1,0,20.9
2017-02-23,49.9,0.032,35.1
2017-02-24,43.5,0,12.9
2017-02-25,47.8,0.024,17.4
2017-02-26,51.1,0.047,21.2
2017-02-27,45.4,0.465,18.2
2017-02-28,41.2,0.07,19.6
2017-03-01,45.4,0.016,23.4
2017-03-02,46.5,0.016,24.4
2017-03-03,47.6,0.079,10.8
2017-03-04,48.5,0.048,16.7
2017-03-05,45.5,0.197,19.6
2017-03-06,45.4,0.04,16.2
2017-03-07,45.9,0.008,11.5
2017-03-08,51.9,0.117,14.8
2017-03-09,55.5,0,14.1
2017-03-10,49.9,0,9.4
2017-03-11,55.6,0,6.7
2017-03-12,52.9,0.031,8.5
2017-03-13,52.6,0,10.1
2017-03-14,52.8,0,12.7
2017-03-15,54.1,0,7.2
2017-03-16,50.3,0,12.8
2017-03-17,48.5,0,22.6
2017-03-18,54.7,0.031,20.2
2017-03-19,55.7,0,23.6
2017-03-20,52,0.125,20.3
2017-03-21,46.8,0,18.5
2017-03-22,45.6,0.118,16.6
2017-03-23,48.1,0.166,19.6
2017-03-24,48.5,0,15.5
2017-03-25,49.7,0,17.8
2017-03-26,50.1,0,15.4
2017-03-27,50.2,0,10.1
2017-03-28,52.3,0,16.3
2017-03-29,55.9,0.008,15.1
2017-03-30,61.1,0,15.3
2017-03-31,57.1,0,17.8
2017-04-01,54,0,13.1
2017-04-02,53.1,0,7
2017-04-03,53.2,0,13.3
2017-04-04,53.5,0,9.3
2017-04-05,51.9,0,10.1
2017-04-06,53.9,0,7.2
2017-04-07,54.2,0,6.5
2017-04-08,56.6,0,8.1
2017-04-09,61.3,0,16.6
2017-04-10,53.3,0,12.9
2017-04-11,52.8,0,11.5
2017-04-12,53,0,16.2
2017-04-13,51.5,0,11
2017-04-14,53.3,0,14.5
2017-04-15,53.7,0,13.5
2017-04-16,52.1,0,14
2017-04-17,50.4,0.008,10.2
2017-04-18,47.6,0,12.9
2017-04-19,48.2,0,7.4
2017-04-20,52,0,11.1
2017-04-21,54.6,0,9.8
2017-04-22,53.6,0,9.1
2017-04-23,53,0,9.5
2017-04-24,50.5,0.016,12.6
2017-04-25,43.7,0,12.7
2017-04-26,43.4,0.039,14.6
2017-04-27,44.5,0.031,11.5
2017-04-28,51.1,0,7.1
2017-04-29,52.4,0,13
2017-04-30,56.4,0,17.6
2017-05-01,51.5,0.024,11.3
2017-05-02,54,0,10.1
2017-05-03,49.7,0.016,11.7
2017-05-04,52.4,0.008,13.2
2017-05-05,52.8,0,18.9
2017-05-06,54.3,0,14.1
2017-05-07,53.9,0,9
2017-05-08,50.1,0,13.6
2017-05-09,50.4,0,8.7
2017-05-10,53.2,0,9.8
2017-05-11,57.5,0,11.8
2017-05-12,58.9,0.039,15.3
2017-05-13,57.8,0,16.3
2017-05-14,58.8,0.024,13.7
2017-05-15,58.1,0.032,15.4
2017-05-16,66,0.016,17.7
2017-05-17,60.7,0.312,9.7
2017-05-18,54.7,0.392,7.6
2017-05-19,53.5,0.284,10.6
2017-05-20,54.3,0.031,15.7
2017-05-21,59,0,10.9
2017-05-22,64.9,0,12.7
2017-05-23,62.4,0,9.4
2017-05-24,67.8,0,6.8
2017-05-25,68,0,12.5
2017-05-26,68.8,0,14.7
2017-05-27,66.8,0,17.8
2017-05-28,63.4,0.157,5.7
2017-05-29,64.5,0.308,10.8
2017-05-30,63.9,0,15
2017-05-31,64.3,0,6.7
2017-06-01,66.7,0,10.6
2017-06-02,66.2,0.079,8.6
2017-06-03,64,0,13.4
2017-06-04,59.5,0.039,15.3
2017-06-05,58.8,0,19.8
2017-06-06,55.3,0.748,27.5
2017-06-07,58.9,0.157,19.6
2017-06-08,60.4,0.039,17
2017-06-09,61.7,0.048,15.9
2017-06-10,65.1,0,18.5
2017-06-11,66.1,0,18.6
2017-06-12,60.7,0,14.9
2017-06-13,63.7,0,6.3
2017-06-14,68.4,0,9.6
2017-06-15,66.6,0,19.4
2017-06-16,64.7,0,12.8
2017-06-17,73.4,0,8.4
2017-06-18,76.4,0,8.4
2017-06-19,77.5,0,8.5
2017-06-20,74.7,0,11.3
2017-06-21,75.9,0,10
2017-06-22,70.9,0,16.8
2017-06-23,66.2,0,17.4
2017-06-24,66.6,0,15.5
2017-06-25,65,0.008,18.5
2017-06-26,65.6,0,10.3
2017-06-27,63.1,0.353,10.9
2017-06-28,59.6,0.48,9
2017-06-29,59.4,0.008,9.7
2017-06-30,64.6,0,10.5
2017-07-01,64.6,0,12.4
2017-07-02,66.1,0,12.3
2017-07-03,66.6,0,13.5
2017-07-04,67.4,0,9.4
2017-07-05,71.6,0,10.3
2017-07-06,75.2,0,11.1
2017-07-07,74.6,0.273,12.9
2017-07-08,71.4,0,11.3
2017-07-09,71.9,0,10.8
2017-07-10,70.4,0,14.7
2017-07-11,61.9,0.237,14
2017-07-12,63.2,1.234,13.4
2017-07-13,64.2,0,10.6
2017-07-14,64.1,0,12.4
2017-07-15,64.7,0,11.9
2017-07-16,70.6,0,13.2
2017-07-17,69.9,0,10.2
2017-07-18,70.4,0,15.4
2017-07-19,68.5,0.214,15.3
2017-07-20,64.8,0.016,16.9
2017-07-21,64.4,0,16.5
2017-07-22,58.9,0.724,13.4
2017-07-23,59.3,0.039,15
2017-07-24,61,0.016,13.9
2017-07-25,64.2,0,9.3
2017-07-26,64.1,0.032,15.9
2017-07-27,61.9,0.157,16.4
2017-07-28,62.3,0.079,18.2
2017-07-29,63.6,0.166,14.4
2017-07-30,63.6,0.964,16.8
2017-07-31,63.8,0,14.9
2017-08-01,63.7,0,14.5
2017-08-02,62.8,0.276,17.6
2017-08-03,65.5,0.008,21.2
2017-08-04,64.9,0,14.9
2017-08-05,63.3,0.008,16.6
2017-08-06,61.7,0,13.6
2017-08-07,62.2,0,10.5
2017-08-08,60.7,0,10.9
2017-08-09,57.7,1.18,13.1
2017-08-10,60.6,0.235,11.5
2017-08-11,60.9,0,14.1
2017-08-12,66.3,0,13.6
2017-08-13,64.2,0,6.8
2017-08-14,64.7,0,10.7
2017-08-15,66.3,0,12.4
2017-08-16,62.8,0,13.7
2017-08-17,67.1,0.118,17.6
2017-08-18,61.3,0.118,15.6
2017-08-19,61.4,0,17.5
2017-08-20,59.8,0,11.3
2017-08-21,62,0.193,8.6
2017-08-22,67,0,9.5
2017-08-23,66.2,0.008,14
2017-08-24,63.4,0,10.1
2017-08-25,64.7,0,5.2
2017-08-26,67.5,0,6.1
2017-08-27,69.4,0,5.9
2017-08-28,71,0,7.7
2017-08-29,69.2,0,9.3
2017-08-30,56.6,0.259,10.5
2017-08-31,58.7,0.008,7.4
2017-09-01,60.5,0,9
2017-09-02,61.2,0,7.9
2017-09-03,58.8,0,15.2
2017-09-04,63.8,0.096,12.2
2017-09-05,64.5,0.016,15.4
2017-09-06,59.8,0.024,12.9
2017-09-07,60.5,0,13.9
2017-09-08,60.4,0.227,13.5
2017-09-09,56.8,0.001,13.2
2017-09-10,56,0.024,19.9
2017-09-11,57.8,0.017,20.4
2017-09-12,57.3,0.008,20.6
2017-09-13,58.6,0.197,27.5
2017-09-14,54.8,0,16.6
2017-09-15,53.3,0.008,9.6
2017-09-16,53.6,0.024,7
2017-09-17,54.9,0,7.5
2017-09-18,56.5,0.008,9.8
2017-09-19,52.8,0.118,6.3
2017-09-20,56.8,0,12.4
2017-09-21,60,0.032,14.7
2017-09-22,55.7,0.008,11.1
2017-09-23,60.6,0,10.5
2017-09-24,62.3,0,12.1
2017-09-25,62,0.048,8
2017-09-26,62.4,0,7.5
2017-09-27,61.9,0,10.5
2017-09-28,62.4,0.59,9.7
2017-09-29,61.7,0.126,12.2
2017-09-30,57.2,0,12.8
2017-10-01,61.4,0.087,15.6
2017-10-02,59.9,0,19.5
2017-10-03,54.1,0,12.1
2017-10-04,54.8,0,16.2
2017-10-05,58.2,0.039,20.7
2017-10-06,53,0,10
2017-10-07,57.2,0.008,14.7
2017-10-08,55.8,0.024,8.2
2017-10-09,56.5,0,10.4
2017-10-10,57.4,0.008,13.1
2017-10-11,59.7,0.008,17.2
2017-10-12,56.2,0.032,12.7
2017-10-13,61.1,0,15.6
2017-10-14,63.1,0,11.1
2017-10-15,59.8,0,13.5
2017-10-16,62.5,0,19.5
2017-10-17,55.6,0,14.8
2017-10-18,56.7,0.118,6.9
2017-10-19,60.1,0.126,15.9
2017-10-20,56.2,0.04,19
2017-10-21,57.2,0.032,24.2
2017-10-22,52.9,0,19.5
2017-10-23,56.6,0,9.8
2017-10-24,61.8,0,17.5
2017-10-25,59.7,0,14
2017-10-26,55.6,0.039,6.2
2017-10-27,53.8,0,7.6
2017-10-28,51.2,0,16
2017-10-29,54.5,0.008,14.9
2017-10-30,46.2,0,4.4
2017-10-31,50.2,0,10.7
2017-11-01,52.1,0,7.7
2017-11-02,48.6,0,3.5
2017-11-03,52.3,0,6
2017-11-04,52.8,0.118,12.4
2017-11-05,45,0.008,12.5
2017-11-06,43.1,0.008,7.8
2017-11-07,50.1,0.008,12.7
2017-11-08,45.5,0.158,9.6
2017-11-09,47,0,8.3
2017-11-10,50.4,0.023,16.9
2017-11-11,47.5,0.557,9.2
2017-11-12,45.4,0.079,16.2
2017-11-13,42,0,10.5
2017-11-14,48.5,0.008,10.2
2017-11-15,51.1,0.008,6.5
2017-11-16,51.9,0,11.5
2017-11-17,43,0.008,6
2017-11-18,44.8,0.079,11.2
2017-11-19,41.7,0,7.4
2017-11-20,51,0.048,16.4
2017-11-21,55.6,0.008,16.9
2017-11-22,58.1,0,23.5
2017-11-23,52.5,0.103,25.8
2017-11-24,43.6,0,4.9
2017-11-25,38.5,0,13.6
2017-11-26,40.3,0,13.6
2017-11-27,47.4,0.04,18.5
2017-11-28,40.9,0.008,11.1
2017-11-29,40.1,0,11.7
2017-11-30,36.5,0,15
2017-12-01,40.2,0,14.1
2017-12-02,41,0,6.6
2017-12-03,47.2,0.024,7.6
2017-12-04,45.8,0,7.5
2017-12-05,47.1,0,10.5
2017-12-06,49.6,0,17.1
2017-12-07,48.6,0.04,19
2017-12-08,37.9,0,17.7
2017-12-09,34.7,0,11.1
2017-12-10,35.5,0.669,12.2
2017-12-11,36.2,0.418,15.5
2017-12-12,34.6,0,8.8
2017-12-13,43.9,0.197,23.1
2017-12-14,39.7,0.079,20.1
2017-12-15,39.7,0.039,15
2017-12-16,37.6,0.039,9.1
2017-12-17,40.3,0.126,12.1
2017-12-18,41.9,0.008,10.3
2017-12-19,39.6,0.008,7.9
2017-12-20,48.1,0.016,8.7
2017-12-21,51.7,0.008,11.8
2017-12-22,51,0.031,8.6
2017-12-23,49.3,0,12.4
2017-12-24,49.3,0,16
2017-12-25,50.5,0.016,24.7
2017-12-26,42.9,0.204,15.4
2017-12-27,39.2,0.434,19
2017-12-28,35.3,0,9.9
2017-12-29,41.3,0.322,20.1
2017-12-30,52.2,0.142,25.5
2017-12-31,51.8,0.119,26.3
2018-01-01,44.9,0.173,19.5
2018-01-02,46.2,0.157,20.6
2018-01-03,48.8,0.197,27.6
2018-01-04,47.3,0.321,32.8
2018-01-05,44,0.079,18.1
2018-01-06,39.8,0,13.1
2018-01-07,39,0,18.2
2018-01-08,40.5,0,13.6
2018-01-09,42.4,0,8.1
2018-01-10,45.9,0.008,12.5
2018-01-11,44.8,0.008,7.8
2018-01-12,44.8,0.086,9.1
2018-01-13,43.3,0,11.4
2018-01-14,42.1,0,9.4
2018-01-15,47,0.213,21.5
2018-01-16,42.6,0,21
2018-01-17,41.3,0,23.1
2018-01-18,46.5,0.016,36.7
2018-01-19,39.2,0,16.1
2018-01-20,38.9,0.235,8.2
2018-01-21,38.8,0.394,11.6
2018-01-22,48.8,0.079,12.4
2018-01-23,51.8,0.008,16.5
2018-01-24,50.5,0.471,25.8
2018-01-25,46.3,0.008,14.9
2018-01-26,42.9,0,6.2
2018-01-27,46.2,0.032,17.9
2018-01-28,52.6,0,19.5
2018-01-29,50.9,0.008,19
2018-01-30,41.7,0,10.5
2018-01-31,44.7,0.095,19.3
2018-02-01,41.8,0,18.5
2018-02-02,42.5,0.031,12.3
2018-02-03,39.8,0.041,7.2
2018-02-04,39.2,0.016,13.3
2018-02-05,37.8,0,11.5
2018-02-06,36.5,0,11.1
2018-02-07,37,0,10.7
2018-02-08,38.3,0,14.8
2018-02-09,41.4,0.236,16.1
2018-02-10,40,0.079,16.3
2018-02-11,42.2,0.024,22.2
2018-02-12,37.8,0,13.3
2018-02-13,40.3,0.04,20.1
2018-02-14,39.5,0.071,22
2018-02-15,46.1,0.205,16.6
2018-02-16,41.3,0,9.9
2018-02-17,43.1,0,7.4
2018-02-18,44.3,0,8.6
2018-02-19,48.2,0.047,9.8
2018-02-20,47.5,0.008,16.2
2018-02-21,41.3,0,10
2018-02-22,39.1,0,12.8
2018-02-23,36.7,0,15.7
2018-02-24,37.2,0,16
2018-02-25,35.6,0,15.2
2018-02-26,32.6,0,16.3
2018-02-27,29.8,0.031,10.5
2018-02-28,26.4,0,18
2018-03-01,28.6,0,19.6
2018-03-02,31.1,0,19.9
2018-03-03,36.3,0.196,13.3
2018-03-04,43.2,0.04,10.3
2018-03-05,45.5,0,12.4
2018-03-06,45.7,0.016,9.8
2018-03-07,44.5,0.126,15
2018-03-08,45,0.079,24.1
2018-03-09,44.8,0.118,9.9
2018-03-10,52.5,0.158,12.8
2018-03-11,48.5,0.157,10.8
2018-03-12,48.5,0.088,12.1
2018-03-13,46.4,0.008,9.1
2018-03-14,48.2,0,17.6
2018-03-15,50.1,0.206,15
2018-03-16,50.7,0,12.8
2018-03-17,35.2,0.024,18.9
2018-03-18,32.8,0.031,17.8
2018-03-19,35.3,0.024,19.1
2018-03-20,41.4,0,16.5
2018-03-21,42.6,0,13.5
2018-03-22,46,0,13.5
2018-03-23,48.8,0,17.4
2018-03-24,47,0.063,6.8
2018-03-25,48.9,0,7.4
2018-03-26,48.5,0,9.5
2018-03-27,48.8,0.165,18.6
2018-03-28,43.3,0.448,12.3
2018-03-29,42.5,0.119,15.6
2018-03-30,43.2,0.433,11.4
2018-03-31,43.2,0.016,11.4
2018-04-01,42.9,0,11.4
2018-04-02,47.2,0.472,12.9
2018-04-03,52.6,0.11,16.1
2018-04-04,50.6,0.032,21
2018-04-05,47.3,0,18.1
2018-04-06,51.8,0,16.7
2018-04-07,55.2,0,15.4
2018-04-08,51.1,0.104,6.1
2018-04-09,48.4,0.301,8.6
2018-04-10,51.4,0.33,11.2
2018-04-11,49.5,0.174,9.7
2018-04-12,47.9,0,10.1
2018-04-13,48.5,0,8.7
2018-04-14,55.2,0,9.7
2018-04-15,54,0.008,13.2
2018-04-16,53.1,0,15.5
2018-04-17,58.6,0,19.8
2018-04-18,64.4,0,12.7
2018-04-19,68.4,0,9.5
2018-04-20,67.7,0,6.7
2018-04-21,62.8,0,9.2
2018-04-22,64.2,0.119,15
2018-04-23,54.6,0,16.1
2018-04-24,56.3,0,17.4
2018-04-25,53.4,0.031,19
2018-04-26,51.5,0,16.5
2018-04-27,49.7,0.273,11.8
2018-04-28,48.6,0.19,8.6
2018-04-29,45.9,0,15.9
2018-04-30,44.9,0.331,18.5
2018-05-01,48.3,0,16.7
2018-05-02,50.6,0.119,19.4
2018-05-03,52.1,0,9.8
2018-05-04,59.1,0,7.5
2018-05-05,60.1,0,8.3
2018-05-06,63.6,0,9.6
2018-05-07,67,0,8.6
2018-05-08,65.8,0,14.8
2018-05-09,59.9,0,13.7
2018-05-10,56.8,0.078,12.8
2018-05-11,56.3,0,14.9
2018-05-12,55,0.158,6.1
2018-05-13,55.5,0.079,7.3
2018-05-14,59.4,0,14.7
2018-05-15,62.4,0,11.9
2018-05-16,55.6,0,16.5
2018-05-17,53.6,0,11.5
2018-05-18,54.4,0,6.5
2018-05-19,57.9,0,8.6
2018-05-20,58.2,0,8.7
2018-05-21,61.4,0,8.1
2018-05-22,62.6,0,14.2
2018-05-23,57.5,0,13.5
2018-05-24,59.4,0.097,9.9
2018-05-25,61.4,0,6.9
2018-05-26,68.5,0,17
2018-05-27,69.6,0.55,9.9
2018-05-28,67.6,0,8.8
2018-05-29,60.2,0.943,11.6
2018-05-30,61.3,0.017,7.6
2018-05-31,65.6,0,9.5
2018-06-01,66,0,10.7
2018-06-02,65.9,0,9.2
2018-06-03,68.4,0,8.4
2018-06-04,61.7,0,9.9
2018-06-05,58.6,0,10.7
2018-06-06,60.5,0,9.5
2018-06-07,62.8,0,8.9
2018-06-08,64.4,0,8.1
2018-06-09,62.9,0,8.4
2018-06-10,64,0,9.6
2018-06-11,64.4,0,10.2
2018-06-12,59.2,0,9.3
2018-06-13,61.1,0,15.6
2018-06-14,64,0.008,16.1
2018-06-15,64.5,0,11.8
2018-06-16,62.3,0,16.4
2018-06-17,60.3,0.008,14.3
2018-06-18,66.6,0.008,16.4
2018-06-19,69.1,0,12.9
2018-06-20,66.9,0,13.4
2018-06-21,61.7,0,13.6
2018-06-22,62.4,0,7.6
2018-06-23,64.7,0,11
2018-06-24,68.1,0,7.7
2018-06-25,71.5,0,8.1
2018-06-26,70,0,10.9
2018-06-27,66.1,0,10.9
2018-06-28,67,0,12.3
2018-06-29,68.5,0,13.5
2018-06-30,68.6,0,14.6
2018-07-01,73.9,0,11.8
2018-07-02,73.6,0,15.3
2018-07-03,69,0.195,15.3
2018-07-04,67.9,0,7.3
2018-07-05,72.7,0,9.9
2018-07-06,74.6,0,6.8
2018-07-07,76.4,0,10.8
2018-07-08,75.6,0,11.1
2018-07-09,73.6,0,12.7
2018-07-10,64.9,0,11
2018-07-11,64.9,0,8.9
2018-07-12,66.8,0,7.5
2018-07-13,68.7,0.001,8.5
2018-07-14,70.9,0.078,9.8
2018-07-15,74.2,0,8.4
2018-07-16,74.5,0.039,12.3
2018-07-17,67.7,0,12.8
2018-07-18,69.2,0.078,6.7
2018-07-19,70.5,0,8.9
2018-07-20,69.9,0,9.6
2018-07-21,72.4,0,9.4
2018-07-22,73.6,0,10.2
2018-07-23,77.4,0,13.2
2018-07-24,75.3,0,13.6
2018-07-25,76.7,0,7.7
2018-07-26,80.3,0,13.2
2018-07-27,76.2,0.236,12.1
2018-07-28,67.5,0.008,21.9
2018-07-29,64.9,0.197,19.3
2018-07-30,68.6,0.008,16.3
2018-07-31,67.8,0.168,13.4
2018-08-01,68,0,10.8
2018-08-02,72.1,0,7.1
2018-08-03,78.5,0,10.5
2018-08-04,75.5,0,9.3
2018-08-05,72.6,0,9.4
2018-08-06,75.7,0,8.5
2018-08-07,75.1,0,12.8
2018-08-08,67.7,0.031,16
2018-08-09,60.3,0.471,7.9
2018-08-10,59,0.512,15.2
2018-08-11,60.6,0,12
2018-08-12,66,0.016,15.5
2018-08-13,67,0.04,11.4
2018-08-14,67.4,0,12.9
2018-08-15,67.6,0,15.1
2018-08-16,63.4,0.59,14.3
2018-08-17,62.8,0,13.1
2018-08-18,65.8,0,12.3
2018-08-19,69.7,0,15.4
2018-08-20,71,0,10.7
2018-08-21,71.3,0,10
2018-08-22,66.2,0,10.2
2018-08-23,66.8,0.039,15.5
2018-08-24,58.5,0.195,16.8
2018-08-25,55.6,0.227,10.2
2018-08-26,57.5,0.471,16.5
2018-08-27,62.3,0.024,14.6
2018-08-28,63.5,0,7.7
2018-08-29,61.3,0.196,8.8
2018-08-30,61.1,0,6.7
2018-08-31,62.4,0,7.9
2018-09-01,64.5,0,9.6
2018-09-02,63.9,0,7.5
2018-09-03,64.3,0,6.2
2018-09-04,62.3,0,9.8
2018-09-05,63.2,0,9.6
2018-09-06,61.8,0,11.8
2018-09-07,57.5,0,15.6
2018-09-08,58.7,0,13.4
2018-09-09,65.1,0,15.4
2018-09-10,63.3,0,15.5
2018-09-11,66.3,0,16.2
2018-09-12,57.6,0.078,8.8
2018-09-13,57,0.008,10.4
2018-09-14,57.7,0,14.7
2018-09-15,60.4,0,9.8
2018-09-16,64.4,0,16.8
2018-09-17,69.2,0,14.2
2018-09-18,67.4,0.004,19.3
2018-09-19,67.1,0,22.8
2018-09-20,66.5,0.008,22.3
2018-09-21,58.2,0.189,25.5
2018-09-22,53,0.237,9.8
2018-09-23,52.1,0.614,13.6
2018-09-24,50.6,0,8.7
2018-09-25,51.6,0,9.6
2018-09-26,56.8,0,9.1
2018-09-27,59.7,0,10.1
2018-09-28,57.7,0,12
2018-09-29,53.3,0,6.4
2018-09-30,52.1,0,9
2018-10-01,52.6,0,11.4
2018-10-02,60.1,0,14.8
2018-10-03,59.3,0,10.4
2018-10-04,56.1,0,10.3
2018-10-05,59.5,0,7.9
2018-10-06,51.6,0.394,14.3
2018-10-07,50,0.008,13.3
2018-10-08,53.2,0,12.6
2018-10-09,58,0,11.8
2018-10-10,60.8,0,11.7
2018-10-11,63.6,0,15.7
2018-10-12,65,0.016,23.5
2018-10-13,70.6,0,17.6
2018-10-14,57.5,0.277,12.6
2018-10-15,55.6,0.758,10.2
2018-10-16,61.6,0,13.4
2018-10-17,56.6,0.039,7.2
2018-10-18,55.4,0,9.7
2018-10-19,51.4,0,5.3
2018-10-20,52.9,0,7.1
2018-10-21,56.5,0,11.5
2018-10-22,51.4,0,11.5
2018-10-23,51.7,0,12.4
2018-10-24,56.1,0,10.7
2018-10-25,50.2,0,8.6
2018-10-26,49.2,0.032,14.9
2018-10-27,41.9,0,12.7
2018-10-28,43.9,0.157,14.7
2018-10-29,42.7,0,11.5
2018-10-30,45.2,0,13.5
2018-10-31,45.8,0,14.4
2018-11-01,49.6,0.267,10.3
2018-11-02,42.2,0,8.2
2018-11-03,49.1,0,17.5
2018-11-04,51.1,0,10.7
2018-11-05,52.7,0,7.6
2018-11-06,55.4,0.008,15.4
2018-11-07,54.4,0.12,19.7
2018-11-08,50.1,0.024,16.9
2018-11-09,51,0.016,19.3
2018-11-10,51.9,0.983,14.9
2018-11-11,51.3,0.668,15.1
2018-11-12,51.8,0.353,15.4
2018-11-13,51.3,0,14.4
2018-11-14,52.9,0.008,12.2
2018-11-15,55,0,9.1
2018-11-16,50.7,0,8.4
2018-11-17,48.3,0,12.5
2018-11-18,47.1,0,14.8
2018-11-19,45.2,0.008,14.3
2018-11-20,40.2,0.431,13.3
2018-11-21,39.3,0.196,11.7
2018-11-22,39.4,0,6.1
2018-11-23,45.1,0,8.4
2018-11-24,47.8,0.024,11
2018-11-25,45.6,0,12.1
2018-11-26,44.9,0,9
2018-11-27,43.7,0.119,14.8
2018-11-28,54,0.15,20.6
2018-11-29,54.3,0.049,24.6
2018-11-30,48.8,0.016,14.2
2018-12-01,51,0.197,14.7
2018-12-02,56.8,0.032,15.9
2018-12-03,52.4,0.156,16.9
2018-12-04,43,0,6.2
2018-12-05,50.4,0.065,12.9
2018-12-06,54.1,0.008,15.5
2018-12-07,51.3,0.315,21
2018-12-08,49.8,0.031,24.5
2018-12-09,49,0.048,23.6
2018-12-10,45.9,0,10.9
2018-12-11,42.6,0,6.6
2018-12-12,43.6,0,12.6
2018-12-13,38.3,0,14.1
2018-12-14,37.8,0,8.6
2018-12-15,38.1,0.432,16.9
2018-12-16,44.4,0.04,12.1
2018-12-17,45.3,0.197,11.3
2018-12-18,49.9,0.079,18.8
2018-12-19,46.5,0.202,10.5
2018-12-20,47.5,0.008,13.2
2018-12-21,52.7,0.244,25.2
2018-12-22,49.9,0.031,20.5
2018-12-23,49,0.142,14.4
2018-12-24,43.1,0.079,6
2018-12-25,42.4,0.008,4.5
2018-12-26,46.5,0,7.1
2018-12-27,41.8,0,3.1
2018-12-28,46.3,0,8.2
2018-12-29,50.1,0,17.6
2018-12-30,48.6,0.008,9.6
2018-12-31,47.7,0,9
2019-01-01,48,0,11
2019-01-02,42.5,0,7.7
2019-01-03,41.3,0,5
2019-01-04,38.5,0,7.5
2019-01-05,41.3,0,8.9
2019-01-06,46,0,8.1
2019-01-07,49.4,0,16.3
2019-01-08,46.4,0,13.7
2019-01-09,40.7,0,12.4
2019-01-10,39.4,0,6.7
2019-01-11,46.3,0,7.2
2019-01-12,48.3,0,15.5
2019-01-13,51.4,0,20.4
2019-01-14,47.2,0,15.6
2019-01-15,44.7,0,13.7
2019-01-16,46.1,0.118,15.3
2019-01-17,39.3,0.024,13.3
2019-01-18,37.6,0,13.2
2019-01-19,39.7,0,11.5
2019-01-20,37.3,0,6.6
2019-01-21,36.7,0,11.9
2019-01-22,38.6,0.04,13.8
2019-01-23,35.3,0.078,9.3
2019-01-24,35.2,0.031,4.9
2019-01-25,44.3,0.047,12.4
2019-01-26,47.2,0.016,17.8
2019-01-27,43,0.227,22.9
2019-01-28,37.8,0,15.5
2019-01-29,36.9,0,8.7
2019-01-30,35,0.197,8.1
2019-01-31,33.3,0.008,15.9
2019-02-01,35.7,0.251,14
2019-02-02,37.8,0.274,12.7
2019-02-03,36.6,0,12
2019-02-04,45.3,0.221,18.6
2019-02-05,44.7,0.008,13.2
2019-02-06,48.8,0.165,11.7
2019-02-07,46.7,0.126,25.2
2019-02-08,49.3,0.158,24.5
2019-02-09,47.4,0.039,26.3
2019-02-10,43.2,0.024,17
2019-02-11,42.8,0,10.3
2019-02-12,44.8,0,11.8
2019-02-13,46.8,0,12.8
2019-02-14,45.1,0,7.7
2019-02-15,45.9,0.008,8.6
2019-02-16,48.6,0,9.7
2019-02-17,49.6,0,14.4
2019-02-18,47.6,0.078,10
2019-02-19,45.4,0,13
2019-02-20,48.5,0,15
2019-02-21,50.8,0,10.9
2019-02-22,49.4,0,6.8
2019-02-23,50.8,0,8.2
2019-02-24,48.8,0,5.9
2019-02-25,50.6,0,7.1
2019-02-26,51.5,0,7.1
2019-02-27,51.1,0,7.4
2019-02-28,49.7,0.016,16.3
2019-03-01,49.7,0.078,8.8
2019-03-02,51.8,0,20.3
2019-03-03,52.2,0.118,24.6
2019-03-04,44.9,0.268,21.4
2019-03-05,46.3,0,15.4
2019-03-06,51.8,0.025,18.7
2019-03-07,47.5,0.008,29.2
2019-03-08,45.8,0.032,15.5
2019-03-09,49.7,0.039,25.1
2019-03-10,45.7,0.104,31.2
2019-03-11,44.9,0.118,18.5
2019-03-12,45.3,0.331,24
2019-03-13,48,0.008,25.5
2019-03-14,50.9,0.08,25.8
2019-03-15,54.4,0.173,28.9
2019-03-16,51.9,0.008,26.4
2019-03-17,44.6,0.236,20.5
2019-03-18,45.1,0.023,10.5
2019-03-19,49.2,0.031,9.6
2019-03-20,52.1,0,9.5
2019-03-21,53.4,0,8.7
2019-03-22,50.4,0,9.2
2019-03-23,50.5,0,8.9
2019-03-24,48.6,0,12.6
2019-03-25,48.8,0,14.2
2019-03-26,46.9,0,8.9
2019-03-27,50.3,0,7.7
2019-03-28,52.4,0,7.6
2019-03-29,51.6,0,6.7
2019-03-30,55.6,0,8.2
2019-03-31,49.9,0,15.2
2019-04-01,47.9,0,10.9
2019-04-02,43.4,0.024,12.5
2019-04-03,42,0.032,10.6
2019-04-04,43.4,0.032,19.1
2019-04-05,49.9,0,15.2
2019-04-06,48.2,0,11.4
2019-04-07,48.7,0.008,8.4
2019-04-08,50.1,0.032,5.4
2019-04-09,49.3,0.047,12.8
2019-04-10,47.7,0,14.6
2019-04-11,44.7,0,10.7
2019-04-12,44.5,0,10.3
2019-04-13,42.7,0.008,11.3
2019-04-14,43,0,13.4
2019-04-15,48.7,0,17
2019-04-16,53.2,0.008,9.9
2019-04-17,55.3,0,10.3
2019-04-18,57.8,0,14.6
2019-04-19,61.3,0,10.4
2019-04-20,62.4,0,8.7
2019-04-21,61,0,11.1
2019-04-22,61.6,0,12.8
2019-04-23,60.6,0,10.7
2019-04-24,57.4,0.016,17.2
2019-04-25,54.6,0.016,17.4
2019-04-26,53,0,17.1
2019-04-27,50.3,0.016,27.1
2019-04-28,51.5,0.008,14.5
2019-04-29,51.4,0,7
2019-04-30,53.5,0,7.6
2019-05-01,54.4,0,10.7
2019-05-02,54.9,0.078,12.4
2019-05-03,50.5,0.195,11.3
2019-05-04,46.4,0.047,19.4
2019-05-05,47.4,0,10.2
2019-05-06,49.8,0,11
2019-05-07,52.7,0,11.8
2019-05-08,52.2,0.325,20.9
2019-05-09,51.7,0.197,11.2
2019-05-10,52.7,0.079,7
2019-05-11,53.2,0.031,10.3
2019-05-12,52.8,0,11.8
2019-05-13,53.1,0,12.1
2019-05-14,55.3,0,12.8
2019-05-15,56.3,0,10.4
2019-05-16,55.4,0,14.3
2019-05-17,53.7,0,10.8
2019-05-18,56.2,0.023,5.8
2019-05-19,57.4,0.008,6.2
2019-05-20,61,0.008,7.6
2019-05-21,61.2,0,8.3
2019-05-22,61.4,0,9.7
2019-05-23,63.1,0,12.7
2019-05-24,62.6,0,10.1
2019-05-25,65.2,0.039,10.3
2019-05-26,63.9,0,16.2
2019-05-27,58.1,0,15.7
2019-05-28,56,0.009,12.4
2019-05-29,55.7,0.024,13.9
2019-05-30,65.8,0,15.7
2019-05-31,63.2,0,12
2019-06-01,67.3,0,10.6
2019-06-02,70.2,0,16.6
2019-06-03,60.8,0,14.6
2019-06-04,58.1,0.009,12.5
2019-06-05,59.7,0,12.2
2019-06-06,58.3,0.031,15
2019-06-07,58.4,0.079,12.9
2019-06-08,58.9,0.197,21.5
2019-06-09,58.3,0,9.1
2019-06-10,53.6,0.912,10.7
2019-06-11,57,0.279,12.2
2019-06-12,55.4,0.166,7.4
2019-06-13,55.6,0.174,17
2019-06-14,59.4,0.047,16.4
2019-06-15,59.3,0,14.8
2019-06-16,60,0.032,18.7
2019-06-17,62.7,0,14.6
2019-06-18,60.8,0.157,6.4
2019-06-19,62,0.095,8.2
2019-06-20,61.3,0.039,13.4
2019-06-21,61.1,0,10
2019-06-22,62.5,0,11.6
2019-06-23,65.7,0,12.8
2019-06-24,70.4,0,8.8
2019-06-25,68,0.329,8.4
2019-06-26,63.7,0,13.9
2019-06-27,63.6,0,14
2019-06-28,63.9,0,13.9
2019-06-29,75.5,0,12.4
2019-06-30,68.8,0,14.2
2019-07-01,64.7,0,13.5
2019-07-02,63.5,0,9.1
2019-07-03,64.5,0,9
2019-07-04,67.7,0,7.2
2019-07-05,71.4,0,9.2
2019-07-06,67.9,0,8.3
2019-07-07,63.1,0.196,8.3
2019-07-08,64.5,0,9.1
2019-07-09,66.3,0,9.3
2019-07-10,70,0,11.5
2019-07-11,70.2,0,12.5
2019-07-12,70.1,0,13.7
2019-07-13,66.8,0,8.6
2019-07-14,63.8,0.117,11.1
2019-07-15,62.7,0,8.6
2019-07-16,67.7,0,11.4
2019-07-17,68.7,0,11.4
2019-07-18,66.7,0.04,14.2
2019-07-19,62.4,0.236,13.9
2019-07-20,67.6,0.583,16.5
2019-07-21,65.7,0,13
2019-07-22,70.7,0,11.9
2019-07-23,76.6,0,10.7
2019-07-24,79.4,0,12.7
2019-07-25,83,0.008,10.9
2019-07-26,72.4,0.056,11.4
2019-07-27,64.8,0.56,10.3
2019-07-28,65.8,0,13.8
2019-07-29,67.8,0,11.7
2019-07-30,65.5,0.118,20.7
2019-07-31,66.5,0.016,17.7
2019-08-01,68.2,0,8.9
2019-08-02,68.8,0,8
2019-08-03,68.5,0,7
2019-08-04,69.3,0,13.1
2019-08-05,67.8,0.031,13.9
2019-08-06,66.7,0,18.8
2019-08-07,65.5,0.079,17.9
2019-08-08,67,0,9.6
2019-08-09,69.6,0.157,23
2019-08-10,66.1,0.04,25.7
2019-08-11,65.2,0,17.9
2019-08-12,59.5,0.159,7.1
2019-08-13,61.7,0,11.6
2019-08-14,60.4,0.55,14.8
2019-08-15,65.5,0.016,18.4
2019-08-16,61.2,0.04,16.4
2019-08-17,65.8,0.079,15.3
2019-08-18,62.9,0.118,16.1
2019-08-19,61.7,0.275,16.6
2019-08-20,60.9,0,12.6
2019-08-21,62.4,0,10.5
2019-08-22,65,0,12
2019-08-23,68.6,0,7.1
2019-08-24,71.2,0,9.2
2019-08-25,75.2,0,7.5
2019-08-26,75.9,0,9.1
2019-08-27,76.1,0,10.2
2019-08-28,69.8,0,14
2019-08-29,65,0,13.2
2019-08-30,65.5,0,14.5
2019-08-31,63.2,0,15.8
2019-09-01,60.9,0,12.5
2019-09-02,60.3,0,13.6
2019-09-03,64,0,14.5
2019-09-04,63.2,0.243,18.4
2019-09-05,58.9,0,11.9
2019-09-06,57.4,0.008,16.3
2019-09-07,58.6,0,11.7
2019-09-08,55.8,0,7.5
2019-09-09,57.4,0.009,8.5
2019-09-10,60.3,0,8.8
2019-09-11,63.1,0,16
2019-09-12,65.5,0,14.8
2019-09-13,64,0,8.7
2019-09-14,61.5,0,5.6
2019-09-15,64.7,0,7.7
2019-09-16,63.6,0.008,6.9
2019-09-17,59.8,0,9.6
2019-09-18,57.7,0,6.9
2019-09-19,58.8,0,10.2
2019-09-20,60.2,0,13.6
2019-09-21,63.8,0,11.2
2019-09-22,64.8,0.016,12.4
2019-09-23,61.5,0.031,13.8
2019-09-24,62.4,1.655,15.5
2019-09-25,62.8,0.205,14.1
2019-09-26,62.6,0.196,17.1
2019-09-27,59.6,0.157,19.8
2019-09-28,59.6,0,19.7
2019-09-29,61.3,0.277,20
2019-09-30,57.7,0.04,13.6
2019-10-01,60.4,0.981,12.7
2019-10-02,52.1,0.126,12.3
2019-10-03,49.3,0,14
2019-10-04,56.1,0.04,15.4
2019-10-05,56.9,0,7.6
2019-10-06,58.2,0.16,16.9
2019-10-07,55.8,0.008,13.3
2019-10-08,57.2,0.149,15.6
2019-10-09,54.3,0,19
2019-10-10,55.4,0,16.3
2019-10-11,60.2,0.126,19.2
2019-10-12,53,0.511,7.7
2019-10-13,56.9,0.378,19.2
2019-10-14,55.6,0.11,12.1
2019-10-15,55.9,0.04,14.4
2019-10-16,55.4,0.063,15
2019-10-17,52.9,0.157,11.7
2019-10-18,53.9,0.254,18.2
2019-10-19,52.2,0.07,12.9
2019-10-20,49.3,0.008,10.4
2019-10-21,53.5,0.048,12.1
2019-10-22,50.6,0,7
2019-10-23,50.7,0.008,8.4
2019-10-24,53.7,0.628,12.1
2019-10-25,56,0.008,24.8
2019-10-26,57.7,0.119,22.1
2019-10-27,46.6,0.024,6.9
2019-10-28,45.8,0,9
2019-10-29,48.8,0,10.3
2019-10-30,49.7,0,15.5
2019-10-31,48.3,0,12.4
2019-11-01,55.6,0.039,15.4
2019-11-02,54.1,0.127,23.9
2019-11-03,49.2,0.016,9.4
2019-11-04,49.1,0.125,6.6
2019-11-05,50.1,0,11.1
2019-11-06,45.3,0.024,8.9
2019-11-07,46.8,0.314,15.9
2019-11-08,41.9,0.008,8.8
2019-11-09,41.9,0.276,11.6
2019-11-10,45.8,0.118,9.8
2019-11-11,45.7,0.172,16
2019-11-12,43.2,0.079,18
2019-11-13,43.7,0,11.6
2019-11-14,43.6,0.041,8.3
2019-11-15,44.5,0.024,15.2
2019-11-16,44,0.056,9.8
2019-11-17,43.1,0,4.1
2019-11-18,44.5,0.024,10.8
2019-11-19,38.7,0,6
2019-11-20,41.8,0,13.2
2019-11-21,40.9,0,10.5
2019-11-22,47,0.211,11.9
2019-11-23,49.6,0.04,10.6
2019-11-24,49.7,0.008,9.8
2019-11-25,51.4,0.039,10.3
2019-11-26,53,0.032,13.6
2019-11-27,51,0.472,11.9
2019-11-28,48.4,0.031,11.7
2019-11-29,42.5,0.016,6
2019-11-30,40.4,0.008,8.1
2019-12-01,41.7,0,12.3
2019-12-02,38.1,0,6.7
2019-12-03,41.1,0,8
2019-12-04,39.4,0.002,5.6
2019-12-05,42,0,16.4
2019-12-06,52.3,0.227,19.7
2019-12-07,49.3,0,19.7
2019-12-08,49.3,0.094,22.8
2019-12-09,45.6,0.031,20
2019-12-10,45.4,0.024,22.6
2019-12-11,42.6,0.157,9.9
2019-12-12,42.7,0.237,16
2019-12-13,45.3,0.252,20.2
2019-12-14,44,0.079,25.9
2019-12-15,46,0.487,19.6
2019-12-16,45.9,0.119,11.6
2019-12-17,44.8,0.197,6.2
2019-12-18,45,0,15.3
2019-12-19,53.7,0.355,17.2
2019-12-20,47.4,0.849,15.6
2019-12-21,47.2,0.165,13.6
2019-12-22,47,0.182,13.7
2019-12-23,46.8,0,16
2019-12-24,49.3,0.055,17.4
2019-12-25,42.4,0,11.9
2019-12-26,45.6,0.157,21.2
2019-12-27,45.9,0,11.6
2019-12-28,47.2,0,9.1
2019-12-29,45.2,0,10.7
2019-12-30,43.2,0.008,9.9
2019-12-31,46.2,0,11.4
2020-01-01,41.7,0,5.3
2020-01-02,48.2,0,15.1
2020-01-03,47.7,0.04,15.5
2020-01-04,44,0,13.6
2020-01-05,46.3,0,12.9
2020-01-06,46.1,0.016,16.5
2020-01-07,49,0.008,17.1
2020-01-08,53,0,14.7
2020-01-09,52.8,0.26,18.7
2020-01-10,44.1,0,12.2
2020-01-11,49.2,0,22.9
2020-01-12,49.5,0.047,19.4
2020-01-13,48,0.008,25
2020-01-14,51,0.245,26.9
2020-01-15,47.9,0.442,27.6
2020-01-16,49.3,0.008,16.9
2020-01-17,46.6,0.199,23.7
2020-01-18,40,0.008,8.5
2020-01-19,39.8,0,4.9
2020-01-20,38.5,0,4.1
2020-01-21,36.8,0,5.8
2020-01-22,43.4,0,6.2
2020-01-23,46.3,0,5.6
2020-01-24,44.5,0,5
2020-01-25,43.4,0,7.4
2020-01-26,47.6,0.079,15.9
2020-01-27,45.8,0.284,12.3
2020-01-28,41,0.118,19
2020-01-29,43.1,0,16.2
2020-01-30,50.5,0,15.8
2020-01-31,51.8,0,17.9
2020-02-01,50.7,0.039,23.2
2020-02-02,51,0.032,21.3
2020-02-03,49.2,0.008,19.1
2020-02-04,45.2,0,18.2
2020-02-05,42.8,0,4.4
2020-02-06,41,0.008,5.2
2020-02-07,43.6,0,12
2020-02-08,48.9,0.079,18
2020-02-09,51.5,0.433,33.5
2020-02-10,45.2,0.048,29.1
2020-02-11,42.1,0.157,25.6
2020-02-12,42,0,20.5
2020-02-13,45.7,0.036,20.2
2020-02-14,46.4,0,18.2
2020-02-15,53.4,0.143,27.9
2020-02-16,50.3,0.749,28.1
2020-02-17,46.4,0.047,22.5
2020-02-18,44.6,0.078,21.4
2020-02-19,43.7,0.227,14.6
2020-02-20,46.5,0.174,23
2020-02-21,46.2,0,23.8
2020-02-22,52.1,0.008,24.7
2020-02-23,52.1,0.016,27.3
2020-02-24,49.4,0.306,23.8
2020-02-25,43.6,0.024,17.3
2020-02-26,41,0.008,18.2
2020-02-27,40.9,0.237,18.1
2020-02-28,44.1,0.119,21
2020-02-29,46.4,0.252,24
2020-03-01,44.8,0,20.3
2020-03-02,43.4,0.001,14.4
2020-03-03,41.8,0,14.8
2020-03-04,41.6,0.118,9
2020-03-05,43.1,0.629,16.2
2020-03-06,43.4,0.079,10.4
2020-03-07,46.2,0,19.8
2020-03-08,49.9,0.087,23
2020-03-09,45.9,0.048,18.1
2020-03-10,55.4,0.197,23
2020-03-11,52.3,0.008,20.5
2020-03-12,46.4,0.024,26.1
2020-03-13,47.5,0,17.6
2020-03-14,49.5,0.118,16.2
2020-03-15,49.8,0.024,18.4
2020-03-16,46.9,0.008,10
2020-03-17,49.4,0,14.7
2020-03-18,53.5,0,15.1
2020-03-19,46,0.016,10.9
2020-03-20,45.9,0.008,16.6
2020-03-21,44.6,0,20.5
2020-03-22,44.9,0,17
2020-03-23,45.3,0,11.1
2020-03-24,47.9,0,10.8
2020-03-25,45.5,0,9.4
2020-03-26,45.6,0,14.6
2020-03-27,46.9,0,16.2
2020-03-28,45.9,0,19.8
2020-03-29,42.2,0.008,22.2
2020-03-30,42.9,0.008,12.9
2020-03-31,44.2,0,13
2020-04-01,43.3,0.008,7
2020-04-02,49.9,0,14.7
2020-04-03,49.8,0,8.3
2020-04-04,50.3,0,11.7
2020-04-05,58.5,0,16.8
2020-04-06,57.5,0.008,13.4
2020-04-07,54.8,0,8.9
2020-04-08,59,0,11.1
2020-04-09,59.1,0,13
2020-04-10,58.6,0,12.3
2020-04-11,62.1,0,9.6
2020-04-12,62.8,0,11.2
2020-04-13,49.5,0,19.3
2020-04-14,46.9,0,10
2020-04-15,50.7,0,9
2020-04-16,54.9,0,8.8
2020-04-17,52.8,0.024,15
2020-04-18,50.5,0.112,10.8
2020-04-19,53.7,0,13.7
2020-04-20,54.3,0,18.8
2020-04-21,56.5,0,17.9
2020-04-22,58.1,0.008,14.1
2020-04-23,59.3,0,8.2
2020-04-24,58.8,0,8.9
2020-04-25,51.6,0,9.8
2020-04-26,55.2,0,7.5
2020-04-27,55.6,0,10.6
2020-04-28,48.1,0.449,11.2
2020-04-29,51,0.228,14
2020-04-30,49.5,0.354,20
2020-05-01,51.9,0.008,15.6
2020-05-02,53.7,0,10.1
2020-05-03,54.3,0,6.5
2020-05-04,55.8,0,13.9
2020-05-05,51.9,0,16.5
2020-05-06,53.3,0,9.4
2020-05-07,59.3,0,9.5
2020-05-08,63.4,0,5.3
2020-05-09,63.9,0,11.5
2020-05-10,55.9,0,21.1
2020-05-11,47.9,0,21.8
2020-05-12,49.4,0,7
2020-05-13,49.9,0,13.6
2020-05-14,48.2,0,12.7
2020-05-15,53.7,0,8.3
2020-05-16,55.8,0,10
2020-05-17,57.9,0,13.1
2020-05-18,62.6,0,14.5
2020-05-19,66.1,0,10.5
2020-05-20,69.1,0,10.6
2020-05-21,70.5,0,8.1
2020-05-22,66.3,0,20.1
2020-05-23,58.8,0.039,23.3
2020-05-24,61.4,0,15.9
2020-05-25,65.8,0,8.4
2020-05-26,67.8,0,7.4
2020-05-27,66.6,0,9.9
2020-05-28,61.8,0,12.5
2020-05-29,62.6,0,11.4
2020-05-30,63.8,0,14.3
2020-05-31,65.1,0,15.7
2020-06-01,66,0,11.8
2020-06-02,66.4,0,8.1
2020-06-03,62,0,13.2
2020-06-04,55.9,0.004,12.9
2020-06-05,55.4,0.071,18
2020-06-06,51.2,0.314,20.9
2020-06-07,54.9,0.009,9.8
2020-06-08,55.5,0,10.8
2020-06-09,58.2,0,8.5
2020-06-10,56.3,0.009,10.1
2020-06-11,58.8,0.024,15.6
2020-06-12,62.2,0.008,15.3
2020-06-13,65.3,0,14.8
2020-06-14,65.1,0.04,10.8
2020-06-15,64.7,0.001,8.2
2020-06-16,65.4,0,8.6
2020-06-17,62.9,0.664,10
2020-06-18,61.1,0.678,11.2
2020-06-19,61.2,0.016,16.5
2020-06-20,62.9,0,13.2
2020-06-21,64.7,0.032,16
2020-06-22,63.5,0,11.9
2020-06-23,69.7,0,8.7
2020-06-24,74.5,0,13.5
2020-06-25,76.2,0,13.2
2020-06-26,74.1,0.023,15.3
2020-06-27,63.7,0.103,20.5
2020-06-28,61,0.032,19.9
2020-06-29,60.2,0.117,21.7
2020-06-30,60.9,0.031,13.6
2020-07-01,63.6,0.196,16
2020-07-02,60.8,0.009,13
2020-07-03,61.3,0.195,19.6
2020-07-04,64,0.039,17.8
2020-07-05,65.2,0,23.5
2020-07-06,60.8,0,17.7
2020-07-07,60.8,0,14.4
2020-07-08,62.2,0.4,9.8
2020-07-09,63.8,0.047,13.3
2020-07-10,60.6,0.087,12.1
2020-07-11,60.5,0,10.8
2020-07-12,64.1,0,9.6
2020-07-13,66.9,0,14.7
2020-07-14,64.8,0.039,9.6
2020-07-15,62.1,0,9.9
2020-07-16,66.2,0,10.7
2020-07-17,71.8,0,12.5
2020-07-18,68,0,12.9
2020-07-19,63.7,0.016,8.3
2020-07-20,63.6,0,8.9
2020-07-21,63.7,0,7.8
2020-07-22,67.9,0,12
2020-07-23,67.2,0,14.4
2020-07-24,68.5,0,12.4
2020-07-25,64.9,0.119,17.1
2020-07-26,62.8,0.267,14.2
2020-07-27,64.5,0.047,19.3
2020-07-28,62.7,0.024,15
2020-07-29,63.6,0,9.9
2020-07-30,70.8,0,8.2
2020-07-31,78.1,0,18
2020-08-01,70.7,0,13.9
2020-08-02,65.9,0,13.4
2020-08-03,66.1,0,10.1
2020-08-04,64.6,0,14.5
2020-08-05,68.8,0,18.2
2020-08-06,72.6,0,11.1
2020-08-07,77.1,0,10.1
2020-08-08,77.8,0,10.2
2020-08-09,75.3,0,10.4
2020-08-10,79.6,0,10.3
2020-08-11,81.4,0,7.4
2020-08-12,80.5,0.001,12.2
2020-08-13,74,0.001,10.8
2020-08-14,66.1,0.018,8
2020-08-15,66,0.055,7.7
2020-08-16,69.1,0.588,8.1
2020-08-17,65.8,0.54,9.9
2020-08-18,67.8,0.001,14
2020-08-19,65.3,0.395,12
2020-08-20,69.7,0.016,16.1
2020-08-21,69,0,26.3
2020-08-22,66.3,0,21
2020-08-23,64.5,0,16.1
2020-08-24,62.8,0.039,10.5
2020-08-25,64.3,0.245,24.2
2020-08-26,65,0.039,27
2020-08-27,59.9,0.003,12
2020-08-28,59.4,0.19,14.5
2020-08-29,56.2,0.118,14.7
2020-08-30,57.6,0,13
2020-08-31,55.8,0,5.7
2020-09-01,57.7,0,6.1
2020-09-02,59.5,0.024,11.9
2020-09-03,65.7,0.109,15
2020-09-04,60.9,0,12.8
2020-09-05,57.6,0.078,11.6
2020-09-06,58.3,0,9.4
2020-09-07,60.5,0,15
2020-09-08,67.7,0,10.6
2020-09-09,65.2,0,9.9
2020-09-10,59.7,0,6
2020-09-11,58.1,0,13.5
2020-09-12,62.4,0,11.9
2020-09-13,65.4,0,10.9
2020-09-14,66.9,0,8.3
2020-09-15,71.3,0,8.8
2020-09-16,70.5,0,12.3
2020-09-17,62.6,0,14
2020-09-18,61.3,0,17.5
2020-09-19,65.4,0,15.4
2020-09-20,65.7,0,11.1
2020-09-21,62.8,0,6.3
2020-09-22,64.6,0,15.9
2020-09-23,61.3,0.173,14.7
2020-09-24,53.1,0.189,14.9
2020-09-25,52.2,0.078,22.1
2020-09-26,51,0,17.1
2020-09-27,53.8,0,17.2
2020-09-28,56.6,0,10.2
2020-09-29,60.3,0.078,8.6
2020-09-30,57.6,0.04,15.3
2020-10-01,55.6,0.236,10.7
2020-10-02,54.6,0.535,20.4
2020-10-03,57,1.722,14.1
2020-10-04,50.3,1.11,16.3
2020-10-05,54.9,0.024,15.6
2020-10-06,56,0.228,19
2020-10-07,54.7,0,15.1
2020-10-08,58.6,0.204,18
2020-10-09,49.5,0.079,14.2
2020-10-10,48.4,0.008,10.5
2020-10-11,51,0.039,7.5
2020-10-12,49.6,0.009,6.3
2020-10-13,49.4,0.353,10.1
2020-10-14,51.9,0.086,12.8
2020-10-15,50.5,0.024,12.3
2020-10-16,51.1,0,8.5
2020-10-17,51.7,0,6.5
2020-10-18,51,0.008,4.2
2020-10-19,54.2,0,14.5
2020-10-20,59.6,0.024,18.3
2020-10-21,58.7,0.394,16.2
2020-10-22,56.2,0.008,14.1
2020-10-23,55,0,15.4
2020-10-24,55,0.024,21.8
2020-10-25,50.8,0.318,13.6
2020-10-26,49.7,0,14.7
2020-10-27,50,0.04,15.3
2020-10-28,50.1,0.079,16.8
2020-10-29,53.5,0.118,16.7
2020-10-30,59.6,0,16.3
2020-10-31,56.3,0.3,18.1
2020-11-01,58.6,0.016,22.3
2020-11-02,57.4,0.016,25.4
2020-11-03,46.8,0.384,17.3
2020-11-04,43.3,0.008,5.6
2020-11-05,41.9,0,3
2020-11-06,46.1,0.008,10.4
2020-11-07,49.5,0,5.7
2020-11-08,55,0,5.5
2020-11-09,56.6,0.158,7.4
2020-11-10,54.2,0.039,6.5
2020-11-11,53.8,0.008,18.7
2020-11-12,52,0.119,14.8
2020-11-13,52,0.024,12.3
2020-11-14,55.4,0.041,17.6
2020-11-15,52.2,0.576,21.9
2020-11-16,51.4,0.016,17.5
2020-11-17,55.9,0.039,14.7
2020-11-18,54.6,0.016,19.4
2020-11-19,47.2,0.031,18.8
2020-11-20,44.2,0.039,11.4
2020-11-21,52.5,0,17.5
2020-11-22,49.1,0.016,11.5
2020-11-23,44.5,0,7.9
2020-11-24,51.4,0,12.8
2020-11-25,51.2,0,10.5
2020-11-26,45.7,0.008,4.6
2020-11-27,40.5,0,5.4
2020-11-28,48.8,0,7.5
2020-11-29,47,0,7.1
2020-11-30,45.4,0,16.7
2020-12-01,43.9,0,10.5
2020-12-02,42.2,0.008,7.1
2020-12-03,41.9,0.56,11
2020-12-04,40.6,0.149,14.1
2020-12-05,42.1,0,11.6
2020-12-06,39.3,0.078,7.9
2020-12-07,36.3,0,4.1
2020-12-08,37.3,0.024,5.2
2020-12-09,42.1,0.079,8.8
2020-12-10,44.6,0,11.8
2020-12-11,48.6,0.298,11.5
2020-12-12,46.1,0,12.7
2020-12-13,45.4,0.079,14.8
2020-12-14,50.9,0.542,16.9
2020-12-15,48.9,0.086,11.4
2020-12-16,48.9,0.079,14.2
2020-12-17,49,0.008,14.8
2020-12-18,52.8,0.016,18.6
2020-12-19,50.9,0.064,16.5
2020-12-20,46.7,0.228,13.2
2020-12-21,52.2,0.079,16
2020-12-22,53.1,0.079,18.5
2020-12-23,52.5,0.118,14.1
2020-12-24,41.7,0.078,16.8
2020-12-25,36.9,0,11.2
2020-12-26,44.2,0,25.6
2020-12-27,43.7,0.667,27.9
2020-12-28,36.3,0,9.5
2020-12-29,37.4,0,8.5
2020-12-30,35.8,0,8.1
2020-12-31,33.3,0,6.8
2021-01-01,35.8,0,6.3
2021-01-02,38.8,0.024,7.4
2021-01-03,38.9,0.078,10.5
2021-01-04,39.7,0.008,16
2021-01-05,38.8,0.039,13.2
2021-01-06,39.3,0.018,10.9
2021-01-07,33.9,0,7.8
2021-01-08,33.1,0,6.9
2021-01-09,34.1,0,6.1
2021-01-10,33.9,0,7
2021-01-11,44.2,0,20.6
2021-01-12,44.4,0.315,17.2
2021-01-13,43,0.079,11.8
2021-01-14,41,1.083,10
2021-01-15,36.3,0.016,8.2
2021-01-16,40.8,0.197,13.9
2021-01-17,42.4,0,12.1
2021-01-18,41.7,0,15.4
2021-01-19,51.2,0,19.7
2021-01-20,50.4,0.016,21.6
2021-01-21,44,0.119,24.5
2021-01-22,39.3,0,10.1
2021-01-23,35.8,0.024,9.5
2021-01-24,33.1,0.118,8.6
2021-01-25,35.2,0.008,11
2021-01-26,37.5,0.024,13.6
2021-01-27,47.1,0.047,7.6
2021-01-28,51.7,0.731,18.5
2021-01-29,49.2,0.472,17.9
2021-01-30,41.7,0.496,17.5
2021-01-31,37.6,0.039,12.3
2021-02-01,39.4,0.016,7.2
2021-02-02,48.7,0.22,15.1
2021-02-03,47.6,0.039,14.3
2021-02-04,44.7,0.157,9.4
2021-02-05,47,0.314,9.8
2021-02-06,44.3,0.086,11.5
2021-02-07,35.4,0.306,16.6
2021-02-08,30.6,0,16.5
2021-02-09,31.9,0,14.7
2021-02-10,32.6,0,16.3
2021-02-11,30.5,0,19.5
2021-02-12,31.2,0,22.5
2021-02-13,30.5,0,17
2021-02-14,37.3,0.024,15.2
2021-02-15,47.8,0.118,12.8
2021-02-16,49.2,0.048,14.7
2021-02-17,50,0.016,17.2
2021-02-18,48.2,0.04,17
2021-02-19,47.9,0.004,16.9
2021-02-20,56.3,0,14.9
2021-02-21,53.7,0.004,12.5
2021-02-22,49.9,0.031,8.1
2021-02-23,51.4,0,21.1
2021-02-24,56,0,16.2
2021-02-25,51.3,0.008,13.2
2021-02-26,45,0,7.6
2021-02-27,44.6,0,6.6
2021-02-28,43.3,0,10
2021-03-01,43.6,0,11.2
2021-03-02,42.6,0,7.4
2021-03-03,42.6,0.353,5.2
2021-03-04,41.9,0.079,9.2
2021-03-05,40.7,0,12.3
2021-03-06,40.1,0,9.1
2021-03-07,39.1,0,6.4
2021-03-08,41.4,0,7
2021-03-09,46.1,0,12.5
2021-03-10,46.7,0.04,20.5
2021-03-11,49.8,0.025,27.5
2021-03-12,46,0.079,21.9
2021-03-13,45.1,0.189,25.5
2021-03-14,46.4,0.008,16.8
2021-03-15,49.4,0.031,13.4
2021-03-16,50.4,0.008,14.6
2021-03-17,46.1,0.079,10.1
2021-03-18,46.2,0,15.6
2021-03-19,46.9,0.016,12.5
2021-03-20,46.7,0,9.3
2021-03-21,47.9,0,11.6
2021-03-22,49.2,0,8
2021-03-23,47,0,13.9
2021-03-24,48.1,0,12.4
2021-03-25,48,0.078,16.3
2021-03-26,48.8,0.118,21
2021-03-27,46.2,0.023,18.8
2021-03-28,51.3,0,20.8
2021-03-29,55.4,0,15.4
2021-03-30,56.2,0,8.6
2021-03-31,58,0,6.9
2021-04-01,52.1,0,14.1
2021-04-02,45.5,0,14.2
2021-04-03,45.8,0,12.9
2021-04-04,48.7,0,10.8
2021-04-05,44.5,0,16.9
2021-04-06,39.3,0,14.5
2021-04-07,38.5,0,13.5
2021-04-08,46.2,0,14.9
2021-04-09,48.9,0,10.5
2021-04-10,44.8,0,12.1
2021-04-11,41.3,0,11.4
2021-04-12,41.3,0,8
2021-04-13,43.7,0,10
2021-04-14,47.1,0,10.2
2021-04-15,43.7,0,11.4
2021-04-16,44.5,0,8.1
2021-04-17,46.7,0,10
2021-04-18,48.8,0,7
2021-04-19,50.9,0,9
2021-04-20,52.3,0,8.5
2021-04-21,50.1,0,13.6
2021-04-22,47.3,0,12.5
2021-04-23,49.1,0,13.1
2021-04-24,51.3,0,14.4
2021-04-25,48.1,0,15.8
2021-04-26,46.7,0,12.6
2021-04-27,49.6,0,9.5
2021-04-28,48.7,0.079,13.8
2021-04-29,47,0.001,10.4
2021-04-30,47,0,9
2021-05-01,47.6,0.008,9.7
2021-05-02,48.8,0.008,10.2
2021-05-03,49.5,0.016,25.3
2021-05-04,50.6,0.197,26.1
2021-05-05,45.6,0.126,14.3
2021-05-06,45.6,0.032,12.3
2021-05-07,49.8,0,12.1
2021-05-08,54,0.198,22.9
2021-05-09,61.5,0,17.1
2021-05-10,56.6,0.032,21.8
2021-05-11,55.2,0,16.6
2021-05-12,55.4,0,12.6
2021-05-13,52.8,0.087,11
2021-05-14,50.3,0.016,9.2
2021-05-15,50.4,0.138,9.2
2021-05-16,50.9,0.241,11.4
2021-05-17,52.7,0.433,13.1
2021-05-18,51.9,0.228,14.2
2021-05-19,54.3,0.118,11.6
2021-05-20,52.3,0.023,22.7
2021-05-21,53.3,0.024,25.2
2021-05-22,51.4,0.283,15.3
2021-05-23,50.2,0.062,18.2
2021-05-24,50.6,0.239,14.6
2021-05-25,51.8,0.157,15.3
2021-05-26,52.7,0.016,11.5
2021-05-27,58.1,0,7.6
2021-05-28,58.9,0.024,6.4
2021-05-29,61.2,0,11.7
2021-05-30,55.9,0,11.1
2021-05-31,60.9,0,11
2021-06-01,65.8,0,13.9
2021-06-02,68.2,0,12
2021-06-03,68.4,0,10.2
2021-06-04,59.6,0.393,7.2
2021-06-05,64.3,0.016,8.3
2021-06-06,65.1,0,7.1
2021-06-07,66.2,0,9.7
2021-06-08,66.4,0,9
2021-06-09,67.6,0,12
2021-06-10,67.4,0,11.3
2021-06-11,67.7,0,13.9
2021-06-12,67.3,0,10.4
2021-06-13,70.5,0,10.5
2021-06-14,71.7,0,7.9
2021-06-15,68,0,9.8
2021-06-16,71.3,0,10.3
2021-06-17,66.7,0.331,8.3
2021-06-18,59,1.259,10.8
2021-06-19,57.5,0.118,8.6
2021-06-20,59.2,0.031,11.4
2021-06-21,56.2,0.157,12.5
2021-06-22,57.5,0.008,14
2021-06-23,60,0,7.6
2021-06-24,61.8,0.008,8.9
2021-06-25,64.1,0.008,9
2021-06-26,64.3,0,10.7
2021-06-27,63.9,0,12.3
2021-06-28,63.4,0.967,9.2
2021-06-29,61.3,0.079,11
2021-06-30,60.1,0,7.9
2021-07-01,63.7,0,6.3
2021-07-02,67.2,0,9.3
2021-07-03,65.5,0.016,11.9
2021-07-04,63.9,0.127,14.9
2021-07-05,62,0.117,14.6
2021-07-06,59.7,0.591,18.6
2021-07-07,62.3,0.008,15.4
2021-07-08,64,0.211,9.9
2021-07-09,66.3,0,10.9
2021-07-10,61.4,0,6.9
2021-07-11,62.6,0,9.7
2021-07-12,62.3,0.197,7
2021-07-13,66.1,0.117,11.1
2021-07-14,67.5,0,12.2
2021-07-15,65.7,0,10.7
2021-07-16,67.1,0,11.9
2021-07-17,71.8,0,8.1
2021-07-18,75.1,0,5.9
2021-07-19,75.8,0,7.6
2021-07-20,74.2,0.039,9.7
2021-07-21,75.1,0.016,8.6
2021-07-22,73.5,0,7.8
2021-07-23,67.1,0,14.7
2021-07-24,65.9,0.008,13.6
2021-07-25,65.1,1.526,10.3
2021-07-26,68,0.079,9
2021-07-27,66.5,0.032,12.3
2021-07-28,62.7,0.705,15.4
2021-07-29,62.6,0.117,17
2021-07-30,61.8,0.111,21.6
2021-07-31,62.1,0.04,11.8
2021-08-01,62.9,0.149,9.3
2021-08-02,61.7,0,8.6
2021-08-03,62.4,0,7
2021-08-04,63.8,0,7.9
2021-08-05,62.7,0.079,15.5
2021-08-06,63.7,0.055,19.5
2021-08-07,61.1,1.326,14.7
2021-08-08,61.1,0.235,16.1
2021-08-09,61.1,0.637,14.4
2021-08-10,64.3,0.039,9.1
2021-08-11,65.2,0,11.6
2021-08-12,66,0,12.7
2021-08-13,64.4,0,13
2021-08-14,66.9,0,12.4
2021-08-15,65.6,0,15.8
2021-08-16,61.4,0,13.3
2021-08-17,60.2,0,12.7
2021-08-18,65.3,0.016,14.8
2021-08-19,63.6,0,11.1
2021-08-20,64.5,0.008,7.4
2021-08-21,64.7,0.008,9.3
2021-08-22,64.6,0.079,10.9
2021-08-23,64.1,0,9.8
2021-08-24,63.5,0,11.8
2021-08-25,63.5,0,10.7
2021-08-26,62.9,0,13.1
2021-08-27,60.8,0,10.2
2021-08-28,61.2,0,10.8
2021-08-29,59.9,0,10.7
2021-08-30,60.6,0,11.5
2021-08-31,60.9,0,10.9
2021-09-01,61.4,0,10.7
2021-09-02,62.7,0,13.1
2021-09-03,64,0,9.4
2021-09-04,62.3,0,9.6
2021-09-05,66.1,0,6.5
2021-09-06,68.4,0,4.4
2021-09-07,71.2,0,9
2021-09-08,71,0,11.7
2021-09-09,66.3,0.165,13.1
2021-09-10,66.1,0.039,11.8
2021-09-11,66.4,0,11
2021-09-12,62.4,0,5.7
2021-09-13,63,0,10.9
2021-09-14,63.3,0.785,7
2021-09-15,62.8,0,8.5
2021-09-16,62.7,0,8.7
2021-09-17,62.6,0,8.5
2021-09-18,65,0,8.8
2021-09-19,63.3,0.118,7
2021-09-20,61.1,0,10.1
2021-09-21,60.3,0,5.6
2021-09-22,60.9,0.008,11.9
2021-09-23,61.2,0,12.5
2021-09-24,63.3,0,10.7
2021-09-25,62.4,0,6.7
2021-09-26,63,0,14.2
2021-09-27,61.3,0.158,20.5
2021-09-28,57.4,0.079,18.2
2021-09-29,53.7,0.512,16.5
2021-09-30,54.8,0.008,17.9
2021-10-01,58.8,0.425,15
2021-10-02,54.1,0.552,15.9
2021-10-03,55.6,0.11,19.1
2021-10-04,55.7,0.087,14.8
2021-10-05,55.3,1.443,17.6
2021-10-06,54.8,0,16.4
2021-10-07,59.7,0.008,8.1
2021-10-08,60.8,0,5.6
2021-10-09,56.5,0,4.2
2021-10-10,56.5,0.008,7.5
2021-10-11,53.1,0,8.1
2021-10-12,53,0,10.5
2021-10-13,53.5,0,7.1
2021-10-14,56.6,0,12.7
2021-10-15,55.3,0,11
2021-10-16,53.3,0.032,5.9
2021-10-17,55.7,0,11.3
2021-10-18,56.6,0.031,11.4
2021-10-19,64.6,0.008,20.9
2021-10-20,60.4,0.02,21
2021-10-21,49,0.788,17.6
2021-10-22,48.5,0,15.2
2021-10-23,52.8,0,9.6
2021-10-24,55.8,0,13.4
2021-10-25,54.8,0.078,11.9
2021-10-26,55.7,0.039,12.5
2021-10-27,59.8,0,18.4
2021-10-28,57.1,0,14.8
2021-10-29,56.5,0.134,20.1
2021-10-30,53.2,0.126,13.5
2021-10-31,53.2,0.316,23.7
2021-11-01,50.4,0,15.4
2021-11-02,44.1,0,5.7
2021-11-03,43.8,0.008,8.2
2021-11-04,46.5,0,12.1
2021-11-05,43.2,0,8.5
2021-11-06,52.1,0,16.4
2021-11-07,49.9,0,15.4
2021-11-08,47.2,0,8.2
2021-11-09,54.9,0.008,10.8
2021-11-10,53.5,0.024,6.2
2021-11-11,53.9,0,7.4
2021-11-12,53.9,0.024,16
2021-11-13,53.9,0,11.4
2021-11-14,53.6,0.008,8.4
2021-11-15,52.5,0,4.5
2021-11-16,49.4,0,6.1
2021-11-17,47.6,0.008,9.2
2021-11-18,50.1,0,11.6
2021-11-19,52.8,0,7.6
2021-11-20,50.8,0,7.7
2021-11-21,45.2,0,14.7
2021-11-22,44,0,11.8
2021-11-23,42.1,0,5
2021-11-24,42.5,0,6
2021-11-25,42.1,0,10.9
2021-11-26,41.9,0.008,17
2021-11-27,39.5,0.173,21.1
2021-11-28,36.1,0,14.7
2021-11-29,34.1,0,11.6
2021-11-30,49.6,0,17.8
2021-12-01,47.3,0.086,17.1
2021-12-02,37.6,0,13.8
2021-12-03,43.1,0.016,11.3
2021-12-04,43.1,0.094,18.2
2021-12-05,42.5,0.18,16.6
2021-12-06,40.6,0.024,14.1
2021-12-07,40.8,0.237,20.2
2021-12-08,44.2,0,17.9
2021-12-09,43.6,0,13.2
2021-12-10,43.6,0.237,17.4
2021-12-11,42.4,0.079,10
2021-12-12,53.6,0.024,12.6
2021-12-13,51.7,0.008,12.2
2021-12-14,52.3,0,9.2
2021-12-15,53.9,0,9.7
2021-12-16,52.8,0,4.5
2021-12-17,48.8,0,11.4
2021-12-18,47.1,0,10.7
2021-12-19,41.7,0,8.1
2021-12-20,44.5,0,8.3
2021-12-21,41.4,0,6.1
2021-12-22,37.7,0,7.6
2021-12-23,47.1,0,11.7
2021-12-24,47.8,0.562,7.5
2021-12-25,45.3,0.122,13.3
2021-12-26,45.4,0.511,11
2021-12-27,49.3,0.095,13.6
2021-12-28,50.9,0.04,22.3
2021-12-29,52.5,0.056,21.7
2021-12-30,57.8,0,17.2
2021-12-31,57,0.048,17.3
2022-01-01,56.9,0.001,15.8
2022-01-02,53.2,0.055,18
2022-01-03,50,0,16.4
2022-01-04,42.4,0.173,13.9
2022-01-05,38.2,0,13.6
2022-01-06,37.5,0.047,16.8
2022-01-07,40,0.016,19.1
2022-01-08,43.6,0.276,17.8
2022-01-09,40.3,0,13.1
2022-01-10,42.8,0.008,7.3
2022-01-11,49.1,0.056,9.8
2022-01-12,41.8,0,4.7
2022-01-13,38.7,0.008,4.1
2022-01-14,38.4,0,2.9
2022-01-15,39.5,0.008,5.7
2022-01-16,43.6,0,7.5
2022-01-17,39,0,6.9
2022-01-18,37.6,0.008,5.3
2022-01-19,44.1,0,13.2
2022-01-20,39.8,0,11.5
2022-01-21,37.1,0,8.8
2022-01-22,41.5,0,7.9
2022-01-23,43.3,0,4.6
2022-01-24,40.4,0,5.5
2022-01-25,37.2,0,6.2
2022-01-26,41.9,0,10.8
2022-01-27,47.1,0,14.2
2022-01-28,43,0.008,13.6
2022-01-29,51.7,0,23.6
2022-01-30,42.2,0,17.1
2022-01-31,45.2,0,22.1
2022-02-01,50.8,0,18.6
2022-02-02,50.4,0,17.3
2022-02-03,48.6,0,13.4
2022-02-04,45.4,0.18,18.3
2022-02-05,44.6,0,20.4
2022-02-06,49.4,0.096,25.5
2022-02-07,45.2,0,15
2022-02-08,52.3,0,16.1
2022-02-09,51,0.039,12.2
2022-02-10,44.5,0.04,13.2
2022-02-11,41,0,8.4
2022-02-12,43.1,0,20.4
2022-02-13,47.4,0.392,19.5
2022-02-14,46,0.166,17.6
2022-02-15,45.4,0.268,19.2
2022-02-16,55.1,0.095,30.3
2022-02-17,49.7,0.062,27.5
2022-02-18,47.7,0.016,39.5
2022-02-19,43.3,0.18,23.7
2022-02-20,50.8,0.156,28.9
2022-02-21,46.7,0.009,31.8
2022-02-22,49.1,0.016,21.7
2022-02-23,45.3,0,16.4
2022-02-24,44.3,0.212,23.4
2022-02-25,43.9,0,18.9
2022-02-26,43,0.008,15.8
2022-02-27,44.3,0,12.8
2022-02-28,49.3,0.093,13.4
2022-03-01,47.4,0.354,11.3
2022-03-02,45.2,0.291,10
2022-03-03,49,0.008,10.2
2022-03-04,46.8,0.016,9.2
2022-03-05,43.6,0.016,15.5
2022-03-06,42.3,0,14.7
2022-03-07,41.6,0.008,15.8
2022-03-08,44.1,0,13.6
2022-03-09,51,0,15.7
2022-03-10,54.1,0,12.3
2022-03-11,51.2,0.219,15.9
2022-03-12,50.4,0.016,17.7
2022-03-13,49.6,0.016,13.9
2022-03-14,47.4,0.024,11
2022-03-15,51.2,0,8.8
2022-03-16,49.7,0.322,13.5
2022-03-17,47.4,0.001,14.7
2022-03-18,50.2,0,13.5
2022-03-19,50.6,0,19.4
2022-03-20,47,0,12.2
2022-03-21,48.8,0,8.2
2022-03-22,56.7,0,11
2022-03-23,55.1,0,8.2
2022-03-24,53.5,0.008,4.7
2022-03-25,53.4,0,11.3
2022-03-26,53.9,0,13.2
2022-03-27,48.7,0,8.8
2022-03-28,49.3,0,7.5
2022-03-29,48.9,0,10.5
2022-03-30,46.8,0.031,13.7
2022-03-31,40.1,0.008,18.2
2022-04-01,40.5,0,17.7
2022-04-02,40.7,0,12.8
2022-04-03,42.1,0,9.8
2022-04-04,49.3,0.181,16.2
2022-04-05,54.5,0,18.7
2022-04-06,51.8,0.36,21.2
2022-04-07,50.3,0.157,31.9
2022-04-08,45.4,0,12.4
2022-04-09,46.2,0,13.5
2022-04-10,48.2,0,9.9
2022-04-11,53,0,18.9
2022-04-12,57.2,0,13.1
2022-04-13,57.4,0,12.7
2022-04-14,57.6,0,7.7
2022-04-15,59.6,0,8.9
2022-04-16,56,0,10.9
2022-04-17,56.6,0,12
2022-04-18,55.1,0,8.6
2022-04-19,55.1,0,9.9
2022-04-20,54.7,0,15
2022-04-21,55.4,0,15.8
2022-04-22,54.2,0,17.7
2022-04-23,55.9,0,19.7
2022-04-24,55.8,0,13.5
2022-04-25,50.7,0.031,9.9
2022-04-26,51.6,0,10.9
2022-04-27,49.4,0,10.4
2022-04-28,51,0,9.3
2022-04-29,48.9,0,9.7
2022-04-30,53.1,0,7.8
2022-05-01,54.3,0,8.8
2022-05-02,55.1,0,4.7
2022-05-03,54.7,0,7
2022-05-04,56,0.094,10.7
2022-05-05,57.3,0,9.3
2022-05-06,60.9,0,14.3
2022-05-07,59.3,0.031,9.9
2022-05-08,56.9,0,9.6
2022-05-09,60.1,0,16.1
2022-05-10,62,0,15.9
2022-05-11,56.7,0.204,17.1
2022-05-12,56.1,0,16.3
2022-05-13,59.2,0,16.9
2022-05-14,60.8,0,8.1
2022-05-15,60.6,0.102,12
2022-05-16,62.1,0.024,18
2022-05-17,66.7,0,15.5
2022-05-18,64.7,0,11.8
2022-05-19,63.8,0.103,12.2
2022-05-20,58.3,0.181,15.6
2022-05-21,59.4,0,11.8
2022-05-22,62.8,0,11.4
2022-05-23,59.7,0.008,11.3
2022-05-24,55.2,0.306,11.1
2022-05-25,57.3,0.008,19.3
2022-05-26,60,0,18.2
2022-05-27,61.7,0,13.4
2022-05-28,57.5,0,11.1
2022-05-29,54.5,0,11.1
2022-05-30,52.1,0.087,13.9
2022-05-31,52.9,0.338,9.4
2022-06-01,55.2,0.008,7.1
2022-06-02,59.6,0,10.4
2022-06-03,62.9,0,12.8
2022-06-04,60.6,0,15.5
2022-06-05,56.1,0.314,11.3
2022-06-06,58,0.088,9.7
2022-06-07,61.9,0,11.5
2022-06-08,64.2,0.055,20.7
2022-06-09,61.6,0,13.9
2022-06-10,65.5,0.008,17.9
2022-06-11,63.7,0,16.9
2022-06-12,62.9,0,15.1
2022-06-13,61.6,0,8.1
2022-06-14,65.4,0,8
2022-06-15,68.3,0,9
2022-06-16,71.5,0,11.6
2022-06-17,76.7,0,19.5
2022-06-18,66.7,0,13.4
2022-06-19,59.2,0.024,13
2022-06-20,62.7,0,12.2
2022-06-21,65.3,0,7.4
2022-06-22,68.3,0,10.9
2022-06-23,66.9,0.016,11
2022-06-24,64.4,0.006,14.9
2022-06-25,62.5,0,17.6
2022-06-26,62.9,0,17.7
2022-06-27,61,0.14,17.9
2022-06-28,62.1,0,16.4
2022-06-29,63.3,0.039,15.6
2022-06-30,60.7,0.203,13.6
2022-07-01,60.9,0,16.1
2022-07-02,63.3,0,16.4
2022-07-03,63.7,0,11.7
2022-07-04,64.5,0,12.3
2022-07-05,64.5,0,10.4
2022-07-06,66.9,0,13.5
2022-07-07,67.4,0,12.5
2022-07-08,72.1,0,8.1
2022-07-09,70.7,0,9.3
2022-07-10,72.2,0,8.7
2022-07-11,75.7,0,10.8
2022-07-12,77.6,0,12.3
2022-07-13,76,0,7.9
2022-07-14,69,0,12
2022-07-15,69.2,0,11.7
2022-07-16,71.2,0,10.3
2022-07-17,74.5,0,10.7
2022-07-18,81.9,0,10.7
2022-07-19,86.5,0.008,16.3
2022-07-20,72.9,0,14.2
2022-07-21,68.9,0.001,10
2022-07-22,67.1,0,10.9
2022-07-23,69.8,0,15.3
2022-07-24,72.5,0,19.4
2022-07-25,69.2,0,16.1
2022-07-26,64.8,0,8.6
2022-07-27,65,0,9
2022-07-28,67,0,11.1
2022-07-29,69.8,0,8.4
2022-07-30,71.3,0,13.2
2022-07-31,72.5,0,16.5
2022-08-01,71.6,0,11
2022-08-02,72.3,0,14.3
2022-08-03,72,0,14.5
2022-08-04,69.8,0,9.7
2022-08-05,66.5,0,11.6
2022-08-06,66.3,0,7
2022-08-07,69.3,0,7.7
2022-08-08,72.1,0,11.6
2022-08-09,71.1,0,11.4
2022-08-10,73,0,13.9
2022-08-11,76.2,0,11.7
2022-08-12,78.1,0,12.1
2022-08-13,78.9,0,10
2022-08-14,78.8,0,9.3
2022-08-15,74.8,0.016,11.8
2022-08-16,68.5,0.135,8.5
2022-08-17,67.4,0.941,11.5
2022-08-18,71,0,12.3
2022-08-19,70,0,14.1
2022-08-20,66.4,0,14.9
2022-08-21,66.7,0,9.6
2022-08-22,66,0,10.2
2022-08-23,70.4,0.017,12.7
2022-08-24,74.3,0,11.9
2022-08-25,67.2,1.638,11.2
2022-08-26,66.5,0.016,5.4
2022-08-27,67.6,0,9.3
2022-08-28,66.7,0,11.8
2022-08-29,65.7,0,11.8
2022-08-30,66.3,0,12.5
2022-08-31,66.2,0,14.9
2022-09-01,67.1,0,12.8
2022-09-02,68,0.111,7
2022-09-03,67.6,0.001,12.3
2022-09-04,68.2,0,12.1
2022-09-05,68,0.055,13.6
2022-09-06,65.7,0.349,13.9
2022-09-07,64.5,0.408,13.5
2022-09-08,61,0.213,12.8
2022-09-09,61.9,0.127,13.5
2022-09-10,62.5,0.008,7.4
2022-09-11,64.8,0,11
2022-09-12,69,0,9.4
2022-09-13,64.6,0.174,9.4
2022-09-14,63.6,0.031,8.7
2022-09-15,60.9,0,9.7
2022-09-16,57.5,0,13.2
2022-09-17,55.1,0,12.8
2022-09-18,57.2,0,12.6
2022-09-19,58.7,0,5.8
2022-09-20,59.5,0,6.6
2022-09-21,61.9,0,7.8
2022-09-22,60.6,0,11.1
2022-09-23,61.3,0.031,8.3
2022-09-24,58,0,11.6
2022-09-25,55.8,0,10.1
2022-09-26,55.3,0.078,15.1
2022-09-27,52,0.062,13.3
2022-09-28,50,0,10.3
2022-09-29,51.4,0,6.2
2022-09-30,54.1,0.354,18.1
2022-10-01,60.1,0.008,16.4
2022-10-02,59.1,0,9.5
2022-10-03,55.5,0,9.5
2022-10-04,61.3,0,13.2
2022-10-05,61.4,0.039,21.5
2022-10-06,56.1,0,15.4
2022-10-07,58.7,0.111,18
2022-10-08,52.9,0.008,9.4
2022-10-09,53.5,0,12
2022-10-10,55.2,0.29,11.6
2022-10-11,50.3,0,4.3
2022-10-12,53.7,0,10.7
2022-10-13,57.4,0.212,6.5
2022-10-14,55.7,0.008,9.6
2022-10-15,55,0.016,17.7
2022-10-16,57.4,0.009,12.4
2022-10-17,61.4,0.142,13.4
2022-10-18,54.8,0,8.2
2022-10-19,58.3,0,16.4
2022-10-20,59.1,0.237,8.9
2022-10-21,59.2,0.057,15.6
2022-10-22,59.6,0.204,12.3
2022-10-23,59.7,0.852,13.2
2022-10-24,58.3,0.197,19.4
2022-10-25,57.9,0.016,9.5
2022-10-26,62.3,0.001,20.7
2022-10-27,62.5,0.008,12.8
2022-10-28,61.5,0,15.1
2022-10-29,62,0.078,10
2022-10-30,58.8,0.102,14.9
2022-10-31,58.3,0.088,15.8
2022-11-01,55.3,0.144,26.9
2022-11-02,54.3,0.211,20.2
2022-11-03,51.5,0.696,10.2
2022-11-04,49.2,0.04,11.4
2022-11-05,50.9,0.088,14.3
2022-11-06,54.9,0.912,14
2022-11-07,56.4,0.102,20.2
2022-11-08,55.8,0.277,19.7
2022-11-09,53.4,0.056,15.9
2022-11-10,55.9,0,16.1
2022-11-11,58.3,0,13.7
2022-11-12,55,0,9.7
2022-11-13,53.5,0,7
2022-11-14,52.1,0.008,8.5
2022-11-15,52.6,0.261,16.2
2022-11-16,50.4,0.478,14.4
2022-11-17,50.5,0.244,19.7
2022-11-18,50,0.016,14.4
2022-11-19,48.2,0,8.5
2022-11-20,46.8,0.339,15.6
2022-11-21,44.6,0.073,22.5
2022-11-22,44.6,0,12.8
2022-11-23,48.2,0.071,18.2
2022-11-24,49.7,0.049,18.5
2022-11-25,48.7,0,11.9
2022-11-26,50.7,0,17.9
2022-11-27,53.1,0.206,16.9
2022-11-28,47.1,0.008,7.2
2022-11-29,44.9,0,6.1
2022-11-30,46.6,0,5
2022-12-01,45.1,0,6
2022-12-02,43.2,0.008,11.8
2022-12-03,44,0,12.8
2022-12-04,42,0,12.6
2022-12-05,44.3,0,9
2022-12-06,42,0,7.4
2022-12-07,38.3,0,7.3
2022-12-08,33.3,0,5
2022-12-09,33.8,0,5.3
2022-12-10,31.4,0.008,5.6
2022-12-11,30.8,0,7
2022-12-12,32.8,0.056,6.8
2022-12-13,33,0.023,6.6
2022-12-14,32,0,8.6
2022-12-15,31,0,5.3
2022-12-16,30.5,0,4.3
2022-12-17,32.9,0.008,8.5
2022-12-18,37.5,0.212,13
2022-12-19,54.6,0.142,19.8
2022-12-20,50.1,0.032,18.3
2022-12-21,47.4,0.008,10
2022-12-22,49,0.008,10.7
2022-12-23,50.2,0.629,17.4
2022-12-24,48.7,0.008,11.7
2022-12-25,51,0.032,11.4
2022-12-26,44.9,0.039,17.1
2022-12-27,45,0.111,17.6
2022-12-28,51.6,0.205,21.8
2022-12-29,47.9,0,20.9
2022-12-30,50.6,0.095,20.2
2022-12-31,55.2,0.128,21.5
2023-01-01,51.6,0.057,18
2023-01-02,43.7,0.024,9.6
2023-01-03,48.3,0.078,19.9
2023-01-04,55,0.016,23.9
2023-01-05,53.1,0,16.8
2023-01-06,50.5,0.126,19.6
2023-01-07,51.3,0.125,23
2023-01-08,45.7,0.307,16.5
2023-01-09,44.4,0,18.1
2023-01-10,48.7,0.283,20
2023-01-11,48.7,0.055,19.6
2023-01-12,52.2,0.261,24.5
2023-01-13,47.5,0,26.6
2023-01-14,49,0.378,22.6
2023-01-15,42.3,0.008,18.6
2023-01-16,38.5,0.442,15.3
2023-01-17,30.5,0,6.6
2023-01-18,34.2,0,11.4
2023-01-19,34.4,0,7.9
2023-01-20,37.8,0,11.1
2023-01-21,37.1,0,6.2
2023-01-22,32.4,0,4.6
2023-01-23,33.7,0,5.1
2023-01-24,39.1,0,8
2023-01-25,35.7,0.079,9.6
2023-01-26,42.5,0.048,11.7
2023-01-27,42.2,0,10
2023-01-28,41.7,0,6.2
2023-01-29,43.6,0,14
2023-01-30,44.6,0,12.5
2023-01-31,46.1,0,15.1
2023-02-01,45.7,0,19.2
2023-02-02,47.8,0,17
2023-02-03,49.7,0,14.5
2023-02-04,46.6,0,9.4
2023-02-05,41,0,10.4
2023-02-06,39.3,0,5.8
2023-02-07,35.4,0.003,3.3
2023-02-08,34.3,0.001,9.1
2023-02-09,38.5,0.004,6.3
2023-02-10,39,0.001,13.4
2023-02-11,47,0,8
2023-02-12,45.5,0.002,6.6
2023-02-13,44.8,0,7
2023-02-14,40.5,0.008,4.1
2023-02-15,45.3,0.001,13.4
2023-02-16,49.3,0.018,13.8
2023-02-17,54.2,0,20.8
2023-02-18,53.4,0,19.4
2023-02-19,50.1,0,12.7
2023-02-20,49,0,16.1
2023-02-21,47.6,0,9.7
2023-02-22,46.2,0.149,8.1
2023-02-23,44.5,0,14.3
2023-02-24,41.7,0,12.9
2023-02-25,42.1,0,15.5
2023-02-26,40.7,0,13
2023-02-27,40.9,0,12
2023-02-28,41.8,0,13.3
2023-03-01,43.3,0,10.4
2023-03-02,42,0,12.4
2023-03-03,42.4,0,10.4
2023-03-04,43.2,0,9.4
2023-03-05,40.2,0,9
2023-03-06,41.8,0.079,14.5
2023-03-07,38.4,0.156,11
2023-03-08,36.4,0.487,12.4
2023-03-09,43.5,0.174,10.5
2023-03-10,42.2,0.103,19.8
2023-03-11,39.6,0.063,10.6
2023-03-12,50.2,0.04,18.2
2023-03-13,54.5,0.024,28.3
2023-03-14,44.8,0.079,18.3
2023-03-15,42,0.087,12.9
2023-03-16,52.4,0.039,17.2
2023-03-17,54,0.195,12.2
2023-03-18,52,0.165,10
2023-03-19,48.3,0.055,11.4
2023-03-20,50.8,0.032,14
2023-03-21,52.6,0.016,17.3
2023-03-22,54,0.048,21.8
2023-03-23,53.2,0.096,23.7
2023-03-24,50.9,0.188,20.3
2023-03-25,51.8,0.024,24.3
2023-03-26,46.9,0.244,12.1
2023-03-27,45.3,0,6.5
2023-03-28,45.7,0.088,16.4
2023-03-29,52.8,0.275,15.7
2023-03-30,55.5,0.032,20
2023-03-31,52.2,0.718,19.9
2023-04-01,49.8,0.008,11.7
2023-04-02,47.4,0,11.4
2023-04-03,45.3,0,11.3
2023-04-04,46.5,0,7.4
2023-04-05,48,0.032,12.1
2023-04-06,51.3,0.189,12.7
2023-04-07,50.9,0,6.7
2023-04-08,49.4,0,7.7
2023-04-09,52.4,0,10.7
2023-04-10,53.7,0.541,22.8
2023-04-11,48.9,0.207,18.3
2023-04-12,47.1,0.071,26.8
2023-04-13,49.1,0,18.2
2023-04-14,47.1,0.485,15.1
2023-04-15,50.5,0.032,9.6
2023-04-16,53.8,0,8.5
2023-04-17,55.1,0.024,11.3
2023-04-18,49.7,0,16.4
2023-04-19,52.3,0,18.2
2023-04-20,49.8,0.063,17.6
2023-04-21,48.1,0.048,10.2
2023-04-22,49.9,0,12
2023-04-23,52.2,0.143,12.3
2023-04-24,48.2,0.308,10.3
2023-04-25,45.8,0,9.3
2023-04-26,47.7,0,10.7
2023-04-27,50.2,0.246,14.6
2023-04-28,57.1,0.032,14.6
2023-04-29,55.6,0,8.5
2023-04-30,56.2,0,10.4
2023-05-01,57.9,0,11.7
2023-05-02,53.9,0,13
2023-05-03,51.4,0,13.6
2023-05-04,56.7,0,15.7
2023-05-05,59.7,0.125,14.1
2023-05-06,56.3,0.19,10.4
2023-05-07,60.5,0,8.2
2023-05-08,56.6,0.016,13.8
2023-05-09,59,0.402,10.3
2023-05-10,57.3,0.016,10.9
2023-05-11,56.3,0.039,8.6
2023-05-12,53.4,0.016,16.8
2023-05-13,52.4,0,11.5
2023-05-14,57.5,0,9.9
2023-05-15,56.6,0.118,14.2
2023-05-16,55.5,0,10.8
2023-05-17,56.7,0,10
2023-05-18,58.3,0,10
2023-05-19,56.7,0,10.9
2023-05-20,57.8,0,13.2
2023-05-21,58,0,12.4
2023-05-22,59.3,0,14.9
2023-05-23,57.2,0,10.7
2023-05-24,60.5,0,8.9
2023-05-25,59,0,10.5
2023-05-26,57.6,0,13.3
2023-05-27,58.5,0,9.3
2023-05-28,61,0,15
2023-05-29,56.4,0,16.7
2023-05-30,55.8,0,15.2
2023-05-31,57.1,0,14
2023-06-01,56.7,0,13.4
